company,href,id,name,location.city,location.country,location.latitude,location.longitude,source,gbfs_href,license.name,license.url,ebikes
['ЗАО «СитиБайк»'],/v2/networks/velobike-moscow,velobike-moscow,Velobike,Moscow,RU,55.75,37.616667,,,,,
['Urban Infrastructure Partner'],/v2/networks/baerum-bysykkel,baerum-bysykkel,Bysykkel,Bærum,NO,59.89455,10.546343,,,,,
['Comunicare S.r.l.'],/v2/networks/bicincitta-siena,bicincitta-siena,Bicincittà,Siena,IT,43.3186,11.3306,https://www.bicincitta.com/frmLeStazioni.aspx?ID=202,,,,
['Cyclopolis Systems'],/v2/networks/cyclopolis-maroussi,cyclopolis-maroussi,Cyclopolis,Maroussi,GR,38.0568722388,23.8083299536,,,,,
"['Groundwork', 'Slough Borough Council', 'ITS']",/v2/networks/cycle-hire-slough,cycle-hire-slough,Cycle Hire,Slough,GB,51.51135,-0.591562,,,,,
['Cyclopolis Systems'],/v2/networks/cyclopolis-nafplio,cyclopolis-nafplio,Cyclopolis,Nafplio,GR,37.5639397319,22.8093402872,,,,,
['Comunicare S.r.l.'],/v2/networks/bicincitta-parco-dei-colli-di-bergamo,bicincitta-parco-dei-colli-di-bergamo,Bicincittà,Parco dei Colli di Bergamo,IT,45.72295637032245,9.649230073016383,https://www.bicincitta.com/frmLeStazioni.aspx?ID=203,,,,
['Cyclopolis Systems'],/v2/networks/cyclopolis-aigialeia,cyclopolis-aigialeia,Cyclopolis,Aigialeia,GR,38.2511101325,22.0821570196,,,,,
['Cyclopolis Systems'],/v2/networks/cyclopolis-marathon,cyclopolis-marathon,Cyclopolis,Marathon,GR,38.0855680022,23.9776389963,,,,,
['Comunicare S.r.l.'],/v2/networks/bicincitta-mantova,bicincitta-mantova,Bicincittà,Mantova,IT,45.15866370764634,10.783718973016335,https://www.bicincitta.com/frmLeStazioni.aspx?ID=204,,,,
['Cyclopolis Systems'],/v2/networks/cyclopolis-neasmyrni,cyclopolis-neasmyrni,Cyclopolis,Νea Smyrni,GR,37.9381,23.7126,,,,,
['Cyclopolis Systems'],/v2/networks/cyclopolis-moschatotavros,cyclopolis-moschatotavros,Cyclopolis,Μoschato-Tavros,GR,37.9538991434,23.6824746661,,,,,
['Cyclopolis Systems'],/v2/networks/cyclopolis-arxaiaolympia,cyclopolis-arxaiaolympia,Cyclopolis,Αrxaia Olympia,GR,37.6419700934,21.6247265179,,,,,
['Cyclopolis Systems'],/v2/networks/cyclopolis-kiato,cyclopolis-kiato,Cyclopolis,Kιato,GR,38.0132674508,22.7493819902,,,,,
['Comunicare S.r.l.'],/v2/networks/bicincitta-assemini,bicincitta-assemini,Bicincittà,Assemini,IT,39.28956306007679,9.006601555294765,https://www.bicincitta.com/frmLeStazioni.aspx?ID=205,,,,
['Cyclopolis Systems'],/v2/networks/cyclopolis-rhodes,cyclopolis-rhodes,Cyclopolis,Rhodes,GR,36.4509118,28.2246966,,,,,
['Cyclopolis Systems'],/v2/networks/cyclopolis-florina,cyclopolis-florina,Cyclopolis,Florina,GR,40.8016111,21.4245222,,,,,
['Comunicare S.r.l.'],/v2/networks/bicincitta-tortoli,bicincitta-tortoli,Bicincittà,Tortolì,IT,39.92664489852196,9.654953570777934,https://www.bicincitta.com/frmLeStazioni.aspx?ID=206,,,,
['Cyclopolis Systems'],/v2/networks/cyclopolis-limnos,cyclopolis-limnos,Cyclopolis,Limnos,GR,39.8747861,25.0586722,,,,,
['Comunicare S.r.l.'],/v2/networks/bicincitta-gaeta,bicincitta-gaeta,Bicincittà,Gaeta,IT,41.209620965538036,13.584335125656139,https://www.bicincitta.com/frmLeStazioni.aspx?ID=207,,,,
['Comunicare S.r.l.'],/v2/networks/bicincitta-borgarello,bicincitta-borgarello,Bicincittà,Borgarello,IT,45.23963753440171,9.136150475640875,https://www.bicincitta.com/frmLeStazioni.aspx?ID=208,,,,
['Comunicare S.r.l.'],/v2/networks/bicincitta-pizzighettone-formigara,bicincitta-pizzighettone-formigara,Bicincittà,Pizzighettone e Formigara,IT,45.186748819167434,9.778087948479424,https://www.bicincitta.com/frmLeStazioni.aspx?ID=209,,,,
['The National Transport Authority'],/v2/networks/cork,cork,Coca-Cola Zero® Bikes,Cork,IE,51.893604,-8.494174,,,,,
['The National Transport Authority'],/v2/networks/limerick,limerick,Coca-Cola Zero® Bikes,Limerick,IE,52.668746,-8.627809,,,,,
['BTS Group Holdings'],/v2/networks/punpunbikeshare,punpunbikeshare,Pun Pun Bike Share,Bangkok,TH,13.75,100.516667,,,,,
['The National Transport Authority'],/v2/networks/galway,galway,Coca-Cola Zero® Bikes,Galway,IE,53.2783491544,-9.05069143207,,,,,
['Bike U Sp. z o.o.'],/v2/networks/bbbike,bbbike,BBBike,Bielsko-Biała,PL,49.8225,19.044444,,,,,
['Comunicare S.r.l.'],/v2/networks/bicincitta-montecatini-terme,bicincitta-montecatini-terme,Bicincittà,Montecatini Terme,IT,43.88362791665083,10.764385656591799,https://www.bicincitta.com/frmLeStazioni.aspx?ID=210,,,,
['Bike U Sp. z o.o.'],/v2/networks/bikeu-bra,bikeu-bra,Bydgoski rower aglomeracyjny,Bydgoszcz,PL,53.12193,18.00038,,,,,
"['PBSC', 'Serco Group plc']",/v2/networks/santander-cycles,santander-cycles,Santander Cycles,London,GB,51.51121389999999,-0.1198244,,,,,
"['PBSC', 'Alta Bicycle Share, Inc']",/v2/networks/we-cycle,we-cycle,WE-cycle,"Aspen, CO",US,39.194951,-106.837002,,https://asp.publicbikesystem.net/ube/gbfs/v1/gbfs.json,,,
['Comunicare S.r.l.'],/v2/networks/bicincitta-carrara,bicincitta-carrara,Bicincittà,Carrara,IT,44.07731805550891,10.097172450401331,https://www.bicincitta.com/frmLeStazioni.aspx?ID=211,,,,
"['PBSC', 'Alta Bicycle Share, Inc']",/v2/networks/wowcycle-reykjavik,wowcycle-reykjavik,WOW Citybike,Reykjavík,IS,64.128288,-21.827774,,,,,
['Transparenzportal Hamburg'],/v2/networks/stadtrad-hamburg,stadtrad-hamburg,StadtRAD Hamburg',Hamburg,DE,53.57532,10.01534,,,Data licence Germany – attribution – version 2.0,https://www.govdata.de/dl-de/by-2-0,
['Comunicare S.r.l.'],/v2/networks/tigullionbike,tigullionbike,Tigullionbike,Sestri Levante - Lavagna,IT,44.272554,9.395714,https://www.bicincitta.com/frmLeStazioni.aspx?ID=80,,,,
['Comunicare S.r.l.'],/v2/networks/arbike,arbike,ARbike,Arezzo,IT,43.473333,11.87,https://www.bicincitta.com/frmLeStazioni.aspx?ID=84,,,,
"['Velobike.kz, LLP', 'Smoove']",/v2/networks/velobike,velobike,Velobike,Astana,KZ,51.166667,71.416667,,,,,
,/v2/networks/velib,velib,Vélib' Métropole,Paris,FR,48.856614,2.3522219,,https://velib-metropole-opendata.smoove.pro/opendata/Velib_Metropole/gbfs.json,OPEN LICENCE 2.0,etalab.gouv.fr/wp-content/uploads/2018/11/open-licence.pdf,True
['Comunicare S.r.l.'],/v2/networks/ascoli-piceno,ascoli-piceno,Ascoli Piceno,Ascoli Piceno,IT,42.85,13.583333,https://www.bicincitta.com/frmLeStazioni.aspx?ID=73,,,,
['Comunicare S.r.l.'],/v2/networks/bigi,bigi,BiGi,Bergamo,IT,45.695,9.67,https://www.bicincitta.com/frmLeStazioni.aspx?ID=133,,,,
['ICNITA S.L.'],/v2/networks/girocleta,girocleta,Girocleta,Girona,ES,41.9794005,2.8214264,,,,,
['Comunicare S.r.l.'],/v2/networks/alba,alba,Alba,Alba,IT,44.716667,8.083333,https://www.bicincitta.com/frmLeStazioni.aspx?ID=139,,,,
['ClearChannel'],/v2/networks/bikemi,bikemi,BikeMi,Milano,IT,45.4654542,9.186516,,,,,True
['Comunicare S.r.l.'],/v2/networks/biella,biella,Biella,Biella,IT,45.5775,8.051111,https://www.bicincitta.com/frmLeStazioni.aspx?ID=112,,,,
['Comunicare S.r.l.'],/v2/networks/chivasso,chivasso,Chivasso,Chivasso,IT,45.189765,7.888935,https://www.bicincitta.com/frmLeStazioni.aspx?ID=201,,,,
['ClearChannel'],/v2/networks/bizi,bizi,Bizi,Zaragoza,ES,41.6487908,-0.8895811,,,,,
,/v2/networks/ecobici,ecobici,EcoBici,Cd de México,MX,19.4326077,-99.133208,,https://gbfs.mex.lyftbikes.com/gbfs/gbfs.json,,,
['Comunicare S.r.l.'],/v2/networks/bici-in-busto,bici-in-busto,Bici in Busto,Busto Arsizio,IT,45.610555,8.852062,https://www.bicincitta.com/frmLeStazioni.aspx?ID=66,,,,
['ClearChannel'],/v2/networks/velo-antwerpen,velo-antwerpen,Velo Antwerpen,Antwerpen,BE,51.216667,4.4,,,,,
['Comunicare S.r.l.'],/v2/networks/cuneo,cuneo,Cuneo,Cuneo,IT,44.384238,7.541428,https://www.bicincitta.com/frmLeStazioni.aspx?ID=39,,,,
['ClearChannel'],/v2/networks/malmobybike,malmobybike,Malmö by bike,Malmö,SE,55.605,13.0038,,,,,
['ClearChannel'],/v2/networks/bicilascondes,bicilascondes,Bici las Condes,Las Condes,CL,-33.401944,-70.55,,,,,
"Empresa Municipal de Transportes de Madrid, S.A.",/v2/networks/bicimad,bicimad,BiciMAD,Madrid,ES,40.4168,-3.7038,,,,,
"['Brainbox Technology', 'Smoove SAS']",/v2/networks/easybike-didymoteicho,easybike-didymoteicho,EasyBike,Didymoteicho,GR,41.3502539849,26.4972960949,,,,,
['Comunicare S.r.l.'],/v2/networks/free-bike-sharing,free-bike-sharing,FRee Bike sharing,Frosinone,IT,41.645081,13.342123,https://www.bicincitta.com/frmLeStazioni.aspx?ID=53,,,,
"['Brainbox Technology', 'Smoove SAS']",/v2/networks/easybike-glyfada,easybike-glyfada,EasyBike,Glyfada,GR,37.8715809825,23.7355544376,,,,,
"['Brainbox Technology', 'Smoove SAS']",/v2/networks/easybike-igoumenitsa,easybike-igoumenitsa,EasyBike,Igoumenitsa,GR,39.5005770633,20.2635206985,,,,,
['Comunicare S.r.l.'],/v2/networks/lecce,lecce,lecce,Lecce,IT,40.35040350928062,18.177824020385742,https://www.bicincitta.com/frmLeStazioni.aspx?ID=159,,,,
"['Brainbox Technology', 'Smoove SAS']",/v2/networks/easybike-ioannina,easybike-ioannina,EasyBike,Ioannina,GR,39.6639818,20.8522784,,,,,
"['Brainbox Technology', 'Smoove SAS']",/v2/networks/easybike-karditsa,easybike-karditsa,EasyBike,Karditsa,GR,39.3634604,21.9211192,,,,,
['Comunicare S.r.l.'],/v2/networks/manerba-in-bici,manerba-in-bici,Manerba in Bici,Manerba del Garda,IT,45.561179,10.559406,https://www.bicincitta.com/frmLeStazioni.aspx?ID=102,,,,
"['Brainbox Technology', 'Smoove SAS']",/v2/networks/easybike-kavala,easybike-kavala,EasyBike,Kavala,GR,40.9369068,24.4122164,,,,,
"['Brainbox Technology', 'Smoove SAS']",/v2/networks/easybike-kinouria,easybike-kinouria,EasyBike,Kinouria,GR,37.1476704305,22.8933729935,,,,,
"['Brainbox Technology', 'Smoove SAS']",/v2/networks/easybike-komotini,easybike-komotini,EasyBike,Komotini,GR,41.117833,25.4041307,,,,,
"['Brainbox Technology', 'Smoove SAS']",/v2/networks/easybike-patra,easybike-patra,EasyBike,Patra,GR,38.2410966371,21.7259683418,,,,,
['Comunicare S.r.l.'],/v2/networks/mar-e-bici,mar-e-bici,Mar e Bici,Marciana Marina,IT,42.805855,10.196514,https://www.bicincitta.com/frmLeStazioni.aspx?ID=90,,,,
"['Brainbox Technology', 'Smoove SAS']",/v2/networks/easybike-rethymno,easybike-rethymno,EasyBike,Rethymno,GR,35.3667571777,24.4832845736,,,,,
"['Brainbox Technology', 'Smoove SAS']",/v2/networks/easybike-samos,easybike-samos,EasyBike,Samos,GR,37.754065919,26.9787850189,,,,,
['Comunicare S.r.l.'],/v2/networks/novara,novara,Novara,Novara,IT,45.44574,8.622165,https://www.bicincitta.com/frmLeStazioni.aspx?ID=131,,,,
"['Brainbox Technology', 'Smoove SAS']",/v2/networks/easybike-nicosia,easybike-nicosia,EasyBike,Nicosia,CY,35.1739302,33.364726,,,,,
"['Brainbox Technology', 'Smoove SAS']",/v2/networks/easybike-mani,easybike-mani,EasyBike,Mani,GR,41.4097472,26.4024952,,,,,
"['Brainbox Technology', 'Smoove SAS']",/v2/networks/easybike-irakleio,easybike-irakleio,EasyBike,Irakleio,GR,35.338735,25.144213,,,,,
"['Brainbox Technology', 'Smoove SAS']",/v2/networks/thessbike,thessbike,ThessBike,Thessaloniki,GR,40.6403167,22.9352716,,,,,
"['Brainbox Technology', 'Smoove SAS']",/v2/networks/athens-bikes,athens-bikes,AthensBikes,Athens,GR,37.9838,23.7275,,,,,
['Comunicare S.r.l.'],/v2/networks/goodbike,goodbike,GoodBike,Padova,IT,45.4064349,11.8767611,http://www.goodbikepadova.it/frmLeStazioni.aspx?ID=59,,,,
['PegBike'],/v2/networks/ciclosampa,ciclosampa,CicloSampa,São Paulo,BR,-23.55,-46.6333,,,,,
,/v2/networks/bicicorunha,bicicorunha,Bicicoruña,A Coruña,ES,43.3623,-8.4115,,https://acoruna.publicbikesystem.net/customer/gbfs/v2/gbfs.json,,,
['Tuimil S.A.'],/v2/networks/bici-ferrol-terra,bici-ferrol-terra,BiciFerrolTerra,Ferrol - Narón,ES,43.4896,-8.2193,,,,,
['Social Bicycles Inc.'],/v2/networks/curtin-bike-share,curtin-bike-share,Curtin Bike Share,"Curtin University, Perth, WA",AU,-32.0034172153127,115.89431270956993,,http://curtinbikeshare.com/opendata/gbfs.json,,,
['Social Bicycles Inc.'],/v2/networks/monash-bikeshare,monash-bikeshare,Monash BikeShare,"Melbourne, AU",AU,-37.91238410208696,145.1362281292677,,https://monashbikeshare.com/opendata/gbfs.json,,,
['Comunicare S.r.l.'],/v2/networks/mimuovofe,mimuovofe,Mi Muovo in Bici,Ferrara,IT,44.8350382,11.6240562,http://www.mimuovoinbici.it/frmLeStazioni.aspx?ID=142,,,,
"['Motivate International, Inc.', 'PBSC Urban Solutions', 'BIXI Montréal']",/v2/networks/bixi-montreal,bixi-montreal,Bixi,"Montréal, QC",CA,45.508693,-73.553928,,https://gbfs.velobixi.com/gbfs/gbfs.json,,,True
['Comunicare S.r.l.'],/v2/networks/parma,parma,Mi Muovo in Bici,Parma,IT,44.801485,10.3279036,http://www.mimuovoinbici.it/frmLeStazioni.aspx?ID=58,,,,
"['Motivate International, Inc.', 'PBSC Urban Solutions']",/v2/networks/bixi-toronto,bixi-toronto,Bike Share Toronto,"Toronto, ON",CA,43.653226,-79.3831843,,https://tor.publicbikesystem.net/ube/gbfs/v1/,,,
['Social Bicycles Inc.'],/v2/networks/sobi-hamilton,sobi-hamilton,SoBi,"Hamilton, ON",CA,43.25643601915583,-79.86929655075073,,https://hamilton.socialbicycles.com/opendata/gbfs.json,,,
"['Clean Energy Coalition', 'BCycle, LLC']",/v2/networks/arborbike,arborbike,ArborBike,"Ann Arbor, MI",US,42.27853,-83.74536,,https://gbfs.bcycle.com/bcycle_arborbike/gbfs.json,,,
['Comunicare S.r.l.'],/v2/networks/pavia-in-bici,pavia-in-bici,Pavia in bici,Pavia,IT,45.1847248,9.1582069,https://www.bicincitta.com/frmLeStazioni.aspx?ID=45,,,,
['Comunicare S.r.l.'],/v2/networks/bici-perugia,bici-perugia,Bici Perugia,Perugia,IT,43.1107168,12.3908279,https://www.bicincitta.com/frmLeStazioni.aspx?ID=122,,,,
"['BCycle, LLC']",/v2/networks/austin,austin,Austin B-cycle,"Austin, TX",US,30.26408,-97.74355,,https://gbfs.bcycle.com/bcycle_austin/gbfs.json,,,
"['Motivate International, Inc', 'PBSC']",/v2/networks/bike-chattanooga,bike-chattanooga,Bike Chattanooga,"Chattanooga, TN",US,35.0456297,-85.3096801,,https://chat.publicbikesystem.net/ube/gbfs/v1/,,,True
['Comunicare S.r.l.'],/v2/networks/piacenza,piacenza,Mi Muovo in Bici,Piacenza,IT,45.0473754,9.6865813,http://www.mimuovoinbici.it/frmLeStazioni.aspx?ID=148,,,,
['Comunicare S.r.l.'],/v2/networks/pinerolo,pinerolo,Pinerolo,Pinerolo,IT,44.8850256,7.3499953,https://www.bicincitta.com/frmLeStazioni.aspx?ID=71,,,,
"['Portland Bureau of Transportation (PBOT)', 'Lyft Inc.']",/v2/networks/biketown,biketown,BIKETOWN,"Portland, OR",US,45.52175423291714,-122.68107935786247,,https://gbfs.biketownpdx.com/gbfs/gbfs.json,,,
['Comunicare S.r.l.'],/v2/networks/reggio-emilia,reggio-emilia,Mi Muovo in Bici,Reggio Emilia,IT,44.6989932,10.6296859,http://www.mimuovoinbici.it/frmLeStazioni.aspx?ID=155,,,,
"['CycleHop, LLC', 'Social Bicycles Inc.']",/v2/networks/britebikes,britebikes,BRiteBikes,"San Ramon, CA",US,37.759444753878,-121.955134881881,,http://britebikes.socialbicycles.com/opendata/gbfs.json,,,
"['ValleyRide', 'Social Bicycles Inc.']",/v2/networks/boise-greenbike,boise-greenbike,Boise GreenBike,"Boise, ID",US,43.6153060610528,-116.201761349309,,http://boise.greenbike.com/opendata/gbfs.json,,,
"['BCycle, LLC']",/v2/networks/boulder,boulder,Boulder B-cycle,"Boulder, CO",US,40.00811,-105.26385,,https://gbfs.bcycle.com/bcycle_boulder/gbfs.json,,,
"['CycleHop, LLC', 'Social Bicycles Inc.']",/v2/networks/breeze-bike-share,breeze-bike-share,Breeze Bike Share,"Santa Monica, CA",US,34.01780925008178,-118.4965717792511,,http://santamonicabikeshare.com/opendata/gbfs.json,,,
['Comunicare S.r.l.'],/v2/networks/rimini,rimini,Mi Muovo in Bici,Rimini,IT,44.0570817,12.5646003,http://www.mimuovoinbici.it/frmLeStazioni.aspx?ID=149,,,,
"['BCycle, LLC']",/v2/networks/broward,broward,Broward B-cycle,"Fort Lauderdale, FL",US,26.12026,-80.14819,,https://gbfs.bcycle.com/bcycle_broward/gbfs.json,,,
"['BCycle, LLC']",/v2/networks/bublr-bikes,bublr-bikes,Bublr Bikes,"Milwaukee, WI",US,43.0369,-87.89667,,https://gbfs.bcycle.com/bcycle_bublr/gbfs.json,,,
"['Shared Mobility Inc.', 'Social Bicycles Inc.']",/v2/networks/reddy-bike-share,reddy-bike-share,Reddy Bike Share,"Buffalo, NY",US,42.89373841865211,-78.8718044757843,,https://reddybikeshare.socialbicycles.com/opendata/gbfs.json,,,
"['Motivate International, Inc.', 'PBSC Urban Solutions']",/v2/networks/capital-bikeshare,capital-bikeshare,Capital BikeShare,"Washington, DC",US,38.8967584,-77.03701629999999,,https://gbfs.capitalbikeshare.com/gbfs/gbfs.json,,,True
"['BCycle, LLC']",/v2/networks/charlotte,charlotte,Charlotte B-cycle,"Charlotte, NC",US,35.22716,-80.83855,,https://gbfs.bcycle.com/bcycle_charlotte/gbfs.json,,,
['Comunicare S.r.l.'],/v2/networks/saluzzo,saluzzo,Saluzzo,Saluzzo,IT,44.6445404,7.492735499999999,https://www.bicincitta.com/frmLeStazioni.aspx?ID=51,,,,
"['BCycle, LLC']",/v2/networks/cincy-red-bike,cincy-red-bike,Cincy Red Bike,"Cincinnati, OH",US,39.10138,-84.51217,,https://gbfs.bcycle.com/bcycle_cincyredbike/gbfs.json,,,
['Comunicare S.r.l.'],/v2/networks/savigliano,savigliano,Savigliano,Savigliano,IT,44.6470327,7.662463499999999,https://www.bicincitta.com/frmLeStazioni.aspx?ID=52,,,,
"['NYC Bike Share, LLC', 'Motivate International, Inc.', 'PBSC Urban Solutions']",/v2/networks/citi-bike-nyc,citi-bike-nyc,Citi Bike,"New York, NY",US,40.7143528,-74.00597309999999,,https://gbfs.citibikenyc.com/gbfs/gbfs.json,,,True
"['CycleHop, LLC']",/v2/networks/coast-bike-share,coast-bike-share,Coast Bike Share,"Tampa, FL",US,27.9627193250593,-82.438056400783,,https://gbfs.hopr.city/api/gbfs/8/,,,
['Comunicare S.r.l.'],/v2/networks/terni,terni,Terni,Terni,IT,42.5636168,12.6426604,https://www.bicincitta.com/frmLeStazioni.aspx?ID=134,,,,
"['Motivate International, Inc.', 'PBSC Urban Solutions']",/v2/networks/cogo,cogo,CoGo,"Columbus, OH",US,39.983333,-82.983333,,https://gbfs.cogobikeshare.com/gbfs/gbfs.json,,,True
"['BCycle, LLC']",/v2/networks/denver,denver,Denver B-cycle,"Denver, CO",US,39.72055,-104.95253,,https://gbfs.bcycle.com/bcycle_denver/gbfs.json,,,
"['Motivate International, Inc.', 'PBSC Urban Solutions']",/v2/networks/divvy,divvy,Divvy,"Chicago, IL",US,41.8781136,-87.6297982,,https://gbfs.divvybikes.com/gbfs/gbfs.json,,,True
['Comunicare S.r.l.'],/v2/networks/tirano-in-bici,tirano-in-bici,Tirano in Bici,Tirano,IT,46.216168,10.1696056,https://www.bicincitta.com/frmLeStazioni.aspx?ID=141,,,,
"['BCycle, LLC']",/v2/networks/elpaso,elpaso,El Paso B-cycle,"El Paso, TX",US,31.76148,-106.48507,,https://gbfs.bcycle.com/bcycle_elpaso/gbfs.json,,,
"['BCycle, LLC']",/v2/networks/fortworth,fortworth,Fort Worth Bike Sharing,"Fort Worth, TX",US,32.7516,-97.32888,,https://gbfs.bcycle.com/bcycle_fortworth/gbfs.json,,,
['Comunicare S.r.l.'],/v2/networks/udine,udine,Udine,Udine,IT,46.0710668,13.2345794,https://www.bicincitta.com/frmLeStazioni.aspx?ID=126,,,,
"['BCycle, LLC']",/v2/networks/greatrides,greatrides,Great Rides Bike Share,"Fargo, ND",US,46.89248,-96.80095,,https://gbfs.bcycle.com/bcycle_greatrides/gbfs.json,,,
"['BCycle, LLC']",/v2/networks/greenbikeslc,greenbikeslc,GREENbike,Salt Lake City,US,40.76745,-111.88736,,https://gbfs.bcycle.com/bcycle_greenbikeslc/gbfs.json,,,
"['CycleHop, LLC', 'Social Bicycles Inc.']",/v2/networks/grid-bike-share,grid-bike-share,Grid Bike Share,"Phoenix, AZ",US,33.4591031356657,-112.074010667085,,https://grid.socialbicycles.com/opendata/gbfs.json,,,
"['BCycle, LLC']",/v2/networks/omaha,omaha,Heartland B-cycle,"Omaha, NE",US,41.25832,-96.00853,,https://gbfs.bcycle.com/bcycle_heartland/gbfs.json,,,
"['BCycle, LLC']",/v2/networks/houston,houston,Houston B-cycle,"Houston, TX",US,29.75983,-95.36949,,https://gbfs.bcycle.com/bcycle_houston/gbfs.json,,,
"['Motivate International, Inc.', 'PBSC Urban Solutions']",/v2/networks/blue-bikes,blue-bikes,Blue Bikes,"Boston, MA",US,42.3584308,-71.0597732,,https://gbfs.bluebikes.com/gbfs/gbfs.json,,,True
['Comunicare S.r.l.'],/v2/networks/ustica,ustica,Ustica,Ustica,IT,38.7031179,13.1682675,https://www.bicincitta.com/frmLeStazioni.aspx?ID=138,,,,
"['City of Philadelphia', 'Bicycle Transit Systems', 'BCycle, LLC']",/v2/networks/indego,indego,Indego,"Philadelphia, PA",US,39.95378,-75.16374,,https://gbfs.bcycle.com/bcycle_indego/gbfs.json,,,
"['BCycle, LLC']",/v2/networks/indiana-pacers-bikeshare,indiana-pacers-bikeshare,Indiana Pacers Bikeshare,"Indianapolis, IN",US,39.76593,-86.16216,,https://gbfs.bcycle.com/bcycle_pacersbikeshare/gbfs.json,,,
"['CycleHop, LLC', 'Social Bicycles Inc.']",/v2/networks/juice-bike-share,juice-bike-share,Juice,"Orlando, FL",US,28.536663311743688,-81.37922197580338,,https://juicebikeshare.com/opendata/gbfs.json,,,
['Comunicare S.r.l.'],/v2/networks/bici-co,bici-co,BICI&CO,Como,IT,45.8080597,9.0851765,https://www.bicincitta.com/frmLeStazioni.aspx?ID=157,,,,
"['BCycle, LLC']",/v2/networks/kansascity,kansascity,B-cycle,"Kansas City, MO",US,39.0999,-94.5857,,https://gbfs.bcycle.com/bcycle_kc/gbfs.json,,,
"['BCycle, LLC']",/v2/networks/linkdayton,linkdayton,Link,"Dayton, OH",US,39.75626,-84.21119,,https://gbfs.bcycle.com/bcycle_linkdayton/gbfs.json,,,
"['BCycle, LLC']",/v2/networks/madison,madison,B-cycle,"Madison, WI",US,43.07571,-89.38527,,https://gbfs.bcycle.com/bcycle_madison/gbfs.json,,,
"['Los Angeles County Metropolitan Transportation Authority (Metro)', 'Bicycle Transit Systems', 'BCycle, LLC']",/v2/networks/metro-bike-share,metro-bike-share,Metro Bike Share,"Los Angeles, CA",US,34.04855,-118.25905,,https://gbfs.bcycle.com/bcycle_lametro/gbfs.json,,,
"['Mountain Rides', 'Social Bicycles Inc.']",/v2/networks/mountain-rides-bike-share,mountain-rides-bike-share,Mountain Rides Bike Share,"Ketchum / Sun Valley, ID",US,43.5194695168239,-114.317415758737,,http://mrbikeshare.org/opendata/gbfs.json,,,
"['Nice Ride Minnesota', 'Lyft']",/v2/networks/nice-ride,nice-ride,Nice Ride,"Minneapolis, MN",US,44.983334,-93.26666999999999,,https://gbfs.niceridemn.com/gbfs/gbfs.json,,,
['Comunicare S.r.l.'],/v2/networks/speziainbici,speziainbici,Speziainbici,La Spezia,IT,44.1024504,9.824082599999999,https://www.bicincitta.com/frmLeStazioni.aspx?ID=137,,,,
"['BCycle, LLC']",/v2/networks/sanantonio,sanantonio,SWell Cycle,"San Antonio, TX",US,29.43701,-98.48236,,https://gbfs.bcycle.com/bcycle_sanantonio/gbfs.json,,,
['Social Bicycles Inc.'],/v2/networks/share-a-bull-bikes,share-a-bull-bikes,Share-a-Bull Bikes,"University of South Florida, FL",US,28.060548696070995,-82.4076198041439,,https://usf.socialbicycles.com/opendata/gbfs.json,,,
['Comunicare S.r.l.'],/v2/networks/venezia,venezia,Venezia,Venezia,IT,45.4408474,12.3155151,https://www.bicincitta.com/frmLeStazioni.aspx?ID=93,,,,
['Social Bicycles Inc.'],/v2/networks/sobi-long-beach,sobi-long-beach,SoBi,"Long Beach, NY",US,40.5833058203002,-73.6482682794673,,http://sobilongbeach.com/opendata/gbfs.json,,,
"['BCycle, LLC']",/v2/networks/spartanburg,spartanburg,Spartanburg BCycle,"Spartanburg, SC",US,34.94867,-81.93345,,https://gbfs.bcycle.com/bcycle_spartanburg/gbfs.json,,,
"['Topeka Metropolitan Transit Authority', 'Social Bicycles Inc.']",/v2/networks/topeka-metro-bikes,topeka-metro-bikes,Topeka Metro Bikes,"Topeka, KS",US,39.0337646098385,-95.7027213202284,,http://topekametrobikes.org/opendata/gbfs.json,,,
['Comunicare S.r.l.'],/v2/networks/to-bike,to-bike,[TO]BIKE,Torino,IT,45.07098200000001,7.685676,http://www.tobike.it/frmLeStazioni.aspx?ID=22,,,,
['Social Bicycles Inc.'],/v2/networks/ubike,ubike,UBike,"University of Virginia, VA",US,38.0357625021372,-78.5072994363201,,http://ubike.virginia.edu/opendata/gbfs.json,,,
"['CycleHop, LLC', 'Social Bicycles Inc']",/v2/networks/relay-atlanta,relay-atlanta,Relay Bike Share,"Atlanta, GA",US,33.7627941119619,-84.38727110624313,,https://relaybikeshare.socialbicycles.com/opendata/gbfs.json,,,
"['Tembici', 'PBSC Urban Solutions']",/v2/networks/bikerecife,bikerecife,BikeRecife,Recife,BR,-8.047129,-34.873437,,https://rec.publicbikesystem.net/ube/gbfs/v1/,,,
"['Tembici', 'PBSC Urban Solutions']",/v2/networks/bikesampa,bikesampa,BikeSampa,São Paulo,BR,-23.55,-46.6333,,https://saopaulo.publicbikesystem.net/ube/gbfs/v1/,,,
"['Tembici', 'PBSC Urban Solutions']",/v2/networks/bikerio,bikerio,BikeRio,Rio de Janeiro,BR,-22.904315,-43.184776,,https://riodejaneiro.publicbikesystem.net/ube/gbfs/v1/,,,
"['Tembici', 'PBSC Urban Solutions']",/v2/networks/bikesalvador,bikesalvador,BikeSalvador,Salvador,BR,-12.973959,-38.508171,,https://salvador.publicbikesystem.net/ube/gbfs/v1/,,,
"['Tembici', 'PBSC Urban Solutions']",/v2/networks/bikepoa,bikepoa,BikePOA,Porto Alegre,BR,-30.033079,-51.23654,,https://poa.publicbikesystem.net/ube/gbfs/v1/,,,
"['BKT bici publica S.A. de C.V.', 'PBSC Urban Solutions']",/v2/networks/mibici-guadalajara,mibici-guadalajara,MIBICI,Guadalajara,MX,20.6737883,-103.3704325,,https://guad.publicbikesystem.net/ube/gbfs/v1/,,,
"['Your Bike', 'Urban Sharing']",/v2/networks/edinburgh-cycle-hire,edinburgh-cycle-hire,Just Eat Cycles,Edinburgh,UK,55.9411885,-3.2753783,,https://gbfs.urbansharing.com/edinburghcyclehire.com/gbfs.json,OGL v3 license,http://www.nationalarchives.gov.uk/doc/open-government-licence/version/3/,
"['PBSC', 'Alta Bicycle Share, Inc']",/v2/networks/melbourne-bike-share,melbourne-bike-share,Melbourne Bike Share,Melbourne,AU,-37.814107,144.96328,,https://gbfs.melbourne.8d.com/gbfs/gbfs.json,,,
['PBSC Urban Solutions'],/v2/networks/libelo,libelo,Libélo,Valence,FR,44.922726,4.905634,,https://valencefr.publicbikesystem.net/ube/gbfs/v1/,,,
"['Tembici', 'PBSC Urban Solutions']",/v2/networks/bikesantiago,bikesantiago,BikeSantiago,Santiago,CL,-33.45,-70.67,,https://santiago.publicbikesystem.net/ube/gbfs/v1/,,,
,/v2/networks/oslo-bysykkel,oslo-bysykkel,Bysykkel,Oslo,NO,59.913869,10.752245,,https://gbfs.urbansharing.com/oslobysykkel.no/gbfs.json,,,
,/v2/networks/bergen-bysykkel,bergen-bysykkel,Bysykkel,Bergen,NO,60.391263,5.322054,,https://gbfs.urbansharing.com/bergenbysykkel.no/gbfs.json,,,
,/v2/networks/trondheim-bysykkel,trondheim-bysykkel,Bysykkel,Trondheim,NO,63.4307238,10.3936781,,https://gbfs.urbansharing.com/trondheimbysykkel.no/gbfs.json,,,
"['Keolis', 'Rennes Metropole']",/v2/networks/le-velo-star,le-velo-star,LE vélo Star,Rennes,FR,48.114167,-1.680833,https://data.explore.star.fr/explore/dataset/vls-stations-etat-tr/,,,,
['Keolis Bordeaux Métropole'],/v2/networks/v3-bordeaux,v3-bordeaux,V³,Bordeaux,FR,44.837789,-0.57918,,,,,True
['Keolis'],/v2/networks/vlille,vlille,V'Lille,Lille,FR,50.62925,3.057256,https://opendata.lillemetropole.fr/explore/dataset/vlille-realtime/,,,,
"['Keolis', 'STAP']",/v2/networks/idecycle,idecycle,IDECycle,Pau,FR,43.2951,-0.370797,,,,,
['Labici Bicicletas Públicas SL'],/v2/networks/bicialtea,bicialtea,Bicialtea,Altea,ES,38.6029075,-0.0450666,,,,,
['Labici Bicicletas Públicas SL'],/v2/networks/bicidorm,bicidorm,Bicidorm,Benidorm,ES,38.5410566,-0.1224937,,,,,
['Labici Bicicletas Públicas SL'],/v2/networks/saforbici,saforbici,SaforBici,Gandía,ES,38.968032,-0.1844671,,,,,
['Comunicare S.r.l.'],/v2/networks/ciclopi,ciclopi,Ciclopi,Pisa,IT,43.7228386,10.4016888,https://www.bicincitta.com/frmLeStazioni.aspx?ID=144,,,,
['Labici Bicicletas Públicas SL'],/v2/networks/gbici,gbici,Gbici,Getafe,ES,40.3082504,-3.7323934,,,,,
['Labici Bicicletas Públicas SL'],/v2/networks/muybici,muybici,MuyBici,Murcia,ES,37.9922399,-1.1306544,,,,,
['Labici Bicicletas Públicas SL'],/v2/networks/ponfemobi,ponfemobi,PonfeMobi,Ponferrada,ES,42.5499958,-6.598259000000001,,,,,
['Labici Bicicletas Públicas SL'],/v2/networks/vaibike,vaibike,VaiBike,Vilagarcía de Arousa,ES,42.5999265,-8.7885744,,,,,
['Comunicare S.r.l.'],/v2/networks/cagliari,cagliari,Cagliari,Cagliari,IT,39.220817,9.121399,https://www.bicincitta.com/frmLeStazioni.aspx?ID=177,,,,
['Buenos Aires Ciudad'],/v2/networks/ecobici-buenos-aires,ecobici-buenos-aires,Ecobici,Buenos Aires,AR,-34.630665,-58.41156,https://www.buenosaires.gob.ar/desarrollourbano/transporte/apitransporte,https://apitransporte.buenosaires.gob.ar/ecobici/gbfs/,Open Data Commons Open Database License 1.0 (ODbL),https://opendatacommons.org/licenses/odbl/,
['EMEL'],/v2/networks/gira,gira,Gira,Lisbon,PT,38.724954,-9.149334,,,,,
['Comunicare S.r.l.'],/v2/networks/gimme-bike,gimme-bike,Gimme Bike,Varese,IT,45.8183902,8.823913,https://www.bicincitta.com/frmLeStazioni.aspx?ID=50,,,,
['JCDecaux'],/v2/networks/cyclic,cyclic,cy'clic,Rouen,FR,49.44323199999999,1.099971,https://developer.jcdecaux.com,,Open Licence,https://developer.jcdecaux.com/#/opendata/licence,
['JCDecaux'],/v2/networks/velo,velo,Vélô,Toulouse,FR,43.604652,1.444209,https://developer.jcdecaux.com,,Open Licence,https://developer.jcdecaux.com/#/opendata/licence,
['JCDecaux'],/v2/networks/veloh,veloh,Veloh,Luxembourg,LU,49.6301025,6.1520185,https://developer.jcdecaux.com,,Open Licence,https://developer.jcdecaux.com/#/opendata/licence,
['JCDecaux'],/v2/networks/valenbisi,valenbisi,Valenbisi,Valencia,ES,39.4699075,-0.3762881,https://developer.jcdecaux.com,,Open Licence,https://developer.jcdecaux.com/#/opendata/licence,
['Comunicare S.r.l.'],/v2/networks/sellero,sellero,Sellero,Sellero,IT,46.06304765446406,10.353434085845947,https://www.bicincitta.com/frmLeStazioni.aspx?ID=85,,,,
['JCDecaux'],/v2/networks/lundahoj,lundahoj,Lundahoj,Lund,SE,55.7046601,13.1910073,https://developer.jcdecaux.com,,Open Licence,https://developer.jcdecaux.com/#/opendata/licence,
['Comunicare S.r.l.'],/v2/networks/ugento,ugento,Ugento,Ugento,IT,39.9273518,18.1582962,https://www.bicincitta.com/frmLeStazioni.aspx?ID=103,,,,
['JCDecaux'],/v2/networks/tusbic,tusbic,Tusbic,Santander,ES,43.46230569999999,-3.8099803,https://developer.jcdecaux.com,,Open Licence,https://developer.jcdecaux.com/#/opendata/licence,
['JCDecaux'],/v2/networks/velam,velam,Vélam,Amiens,FR,49.894067,2.295753,https://developer.jcdecaux.com,,Open Licence,https://developer.jcdecaux.com/#/opendata/licence,
['JCDecaux'],/v2/networks/bysykkel-lillestrom,bysykkel-lillestrom,Bysykkel,Lillestrøm,NO,59.9559696,11.0503785,https://developer.jcdecaux.com,,Open Licence,https://developer.jcdecaux.com/#/opendata/licence,
['JCDecaux'],/v2/networks/velocite-mulhouse,velocite-mulhouse,VéloCité,Mulhouse,FR,47.750839,7.335888,https://developer.jcdecaux.com,,Open Licence,https://developer.jcdecaux.com/#/opendata/licence,
['Comunicare S.r.l.'],/v2/networks/prata-camportaccio,prata-camportaccio,Prata Camportaccio,Prata Camportaccio,IT,46.3042146,9.3964914,https://www.bicincitta.com/frmLeStazioni.aspx?ID=108,,,,
['JCDecaux'],/v2/networks/velov,velov,Vélo'V,Lyon,FR,45.764043,4.835659,https://developer.jcdecaux.com,,Open Licence,https://developer.jcdecaux.com/#/opendata/licence,
['JCDecaux'],/v2/networks/bicikelj,bicikelj,Bicikelj,Ljubljana,SI,46.05645089999999,14.5080702,https://developer.jcdecaux.com,,Open Licence,https://developer.jcdecaux.com/#/opendata/licence,
['Comunicare S.r.l.'],/v2/networks/civitavecchia,civitavecchia,Civitavecchia,Civitavecchia,IT,42.0937524,11.7922462,https://www.bicincitta.com/frmLeStazioni.aspx?ID=127,,,,
['JCDecaux'],/v2/networks/sevici,sevici,Sevici,Sevilla,ES,37.3880961,-5.9823299,https://developer.jcdecaux.com,,Open Licence,https://developer.jcdecaux.com/#/opendata/licence,
['Comunicare S.r.l.'],/v2/networks/longanoinbici,longanoinbici,LonganoinBici,Barcellona Pozzo di Gotto,IT,38.149812517944284,15.212116241455078,https://www.bicincitta.com/frmLeStazioni.aspx?ID=140,,,,
['JCDecaux'],/v2/networks/li-bia-velo,li-bia-velo,Li bia velo,Namur,BE,50.465328,4.867665,https://developer.jcdecaux.com,,Open Licence,https://developer.jcdecaux.com/#/opendata/licence,
['JCDecaux'],/v2/networks/velostanlib,velostanlib,vélOstan'lib,Nancy,FR,48.692054,6.184417,https://developer.jcdecaux.com,,Open Licence,https://developer.jcdecaux.com/#/opendata/licence,
['JCDecaux'],/v2/networks/cristolib,cristolib,Cristolib,Créteil,FR,48.790367,2.455572,https://developer.jcdecaux.com,,Open Licence,https://developer.jcdecaux.com/#/opendata/licence,
['JCDecaux'],/v2/networks/villo,villo,villo,Bruxelles,BE,50.8503396,4.3517103,https://developer.jcdecaux.com,,Open Licence,https://developer.jcdecaux.com/#/opendata/licence,
['Comunicare S.r.l.'],/v2/networks/cassano-d-adda,cassano-d-adda,Cassano d'Adda,Cassano d'Adda,IT,45.5309616,9.5155813,https://www.bicincitta.com/frmLeStazioni.aspx?ID=143,,,,
['JCDecaux'],/v2/networks/velo2,velo2,Velo2,Cergy,FR,49.03561699999999,2.060325,https://developer.jcdecaux.com,,Open Licence,https://developer.jcdecaux.com/#/opendata/licence,
['JCDecaux'],/v2/networks/vilnius-cyclocity,vilnius-cyclocity,Cyclocity,Vilnius,LT,54.6871555,25.2796514,https://developer.jcdecaux.com,,Open Licence,https://developer.jcdecaux.com/#/opendata/licence,
['JCDecaux'],/v2/networks/toyama-cyclocity,toyama-cyclocity,cyclocity,富山市,JP,36.6959518,137.2136768,https://developer.jcdecaux.com,,Open Licence,https://developer.jcdecaux.com/#/opendata/licence,
['Comunicare S.r.l.'],/v2/networks/bianzone-in-bici,bianzone-in-bici,Bianzone in Bici,Bianzone,IT,46.188197,10.109354,https://www.bicincitta.com/frmLeStazioni.aspx?ID=147,,,,
"['LeVélo AMP Métropole', 'Ville de Marseille', 'Fifteen SAS']",/v2/networks/le-velo,le-velo,LeVélo,Marseille,FR,43.296482,5.36978,,,,,
['JCDecaux'],/v2/networks/bicloo,bicloo,Bicloo,Nantes,FR,47.218371,-1.553621,https://developer.jcdecaux.com,,Open Licence,https://developer.jcdecaux.com/#/opendata/licence,
['JCDecaux'],/v2/networks/velocite-besancon,velocite-besancon,VéloCité,Besançon,FR,47.237829,6.024053899999999,https://developer.jcdecaux.com,,Open Licence,https://developer.jcdecaux.com/#/opendata/licence,
['Comunicare S.r.l.'],/v2/networks/rietinbici,rietinbici,Rietinbici,Rieti,IT,42.40262397383167,12.86099910736084,https://www.bicincitta.com/frmLeStazioni.aspx?ID=158,,,,
['JCDecaux'],/v2/networks/dublinbikes,dublinbikes,dublinbikes,Dublin,IE,53.3498053,-6.2603097,https://developer.jcdecaux.com,,Open Licence,https://developer.jcdecaux.com/#/opendata/licence,
,/v2/networks/bicipalma,bicipalma,Bicipalma,Palma,ES,39.57119,2.646634,,,,,
['Cyacle Bicycle Rental LLC'],/v2/networks/adcb-bikeshare,adcb-bikeshare,ADCB Bikeshare,Abu Dhabi,AE,24.450278,54.39,,,,,
['Comunicare S.r.l.'],/v2/networks/castellucchio,castellucchio,Castellucchio,Castellucchio,IT,45.15047821582959,10.651202201843262,https://www.bicincitta.com/frmLeStazioni.aspx?ID=161,,,,
['Veolia'],/v2/networks/velobleu,velobleu,Vélo Bleu,Nice,FR,43.695949,7.271413,,,,,
['Comunicare S.r.l.'],/v2/networks/notoinbici,notoinbici,NotoinBici,Noto,IT,36.889437754839854,15.074658393859863,https://www.bicincitta.com/frmLeStazioni.aspx?ID=162,,,,
['Comunicare S.r.l.'],/v2/networks/enna,enna,Enna,Enna,IT,37.56342572664775,14.27973747253418,https://www.bicincitta.com/frmLeStazioni.aspx?ID=163,,,,
['Comunicare S.r.l.'],/v2/networks/pordenone,pordenone,Pordenone,Pordenone,IT,45.94790101663391,12.674491020251475,https://www.bicincitta.com/frmLeStazioni.aspx?ID=164,,,,
['Veolia'],/v2/networks/vel-in,vel-in,Vél'in,Calais,FR,50.95,1.85,,,,,
['Comunicare S.r.l.'],/v2/networks/carbonia,carbonia,Carbonia,Carbonia,IT,39.167222,8.522222,https://www.bicincitta.com/frmLeStazioni.aspx?ID=173,,,,
['Municipiul Cluj-Napoca'],/v2/networks/clujbike,clujbike,Cluj Bike,Cluj-Napoca,RO,46.775,23.5975,,,,,
['Comunicare S.r.l.'],/v2/networks/mobike,mobike,MoBike,Genova,IT,44.40430089372731,8.92908986230462,https://www.bicincitta.com/frmLeStazioni.aspx?ID=175,,,,
"['Prefeiture de Sorocaba', 'Urbes']",/v2/networks/integrabike,integrabike,Integrabike,Sorocaba,BR,-23.5015,-47.4526,,,,,
['Comunicare S.r.l.'],/v2/networks/scegli-in-bici,scegli-in-bici,Scegli in Bici,Cremona,IT,45.134914104864116,10.0222648619018,https://www.bicincitta.com/frmLeStazioni.aspx?ID=178,,,,
"['Associação dos Amigos da Riviera de São Lourenço', 'Sobloco']",/v2/networks/rivibike,rivibike,RiviBike,São Lourenço,BR,-22.1124,-45.028,,,,,
['Comunicare S.r.l.'],/v2/networks/e-motion-trento,e-motion-trento,e.motion,Trento,IT,46.06643205823519,11.122145390351879,https://www.bicincitta.com/frmLeStazioni.aspx?ID=187,,,,
"['Duke Energy Brasil', 'Governo de Ipaussu']",/v2/networks/dukebike,dukebike,DukeBike,Ipaússu,BR,-23.0553,-49.6237,,,,,
"['Barcelona de Serveis Municipals, S.A. (BSM)', 'CESPA', 'PBSC']",/v2/networks/bicing,bicing,Bicing,Barcelona,ES,41.3850639,2.1734035,,https://api.bsmsa.eu/ext/api/bsm/gbfs/v2/,,,
['Baksi Bike Sharing System'],/v2/networks/baksi-antalya,baksi-antalya,Baksi,Antalya,TR,36.862048,30.638866,,,,,
['Baksi Bike Sharing System'],/v2/networks/baksi-bisim,baksi-bisim,Baksi,Izmir,TR,38.4134047464,27.0325753524,,,,,
['Comunicare S.r.l.'],/v2/networks/e-motion-rovereto,e-motion-rovereto,e.motion,Rovereto,IT,45.88710661061543,11.042242751867644,https://www.bicincitta.com/frmLeStazioni.aspx?ID=189,,,,
['Baksi Bike Sharing System'],/v2/networks/baksi-istanbul,baksi-istanbul,Isbike,Istanbul,TR,40.9696887925,29.0475373717,,,,,
['Baksi Bike Sharing System'],/v2/networks/baksi-kobis,baksi-kobis,Baksi,Kocaeli,TR,40.7674733342,29.9755885985,,,,,
"['Helsinki City Transport', 'Helsinki Regional Transport', 'CityBikeFinland', 'Smoove SAS', 'Moventia', 'Alepa']",/v2/networks/citybikes-helsinki,citybikes-helsinki,City bikes,Helsinki,FI,60.16985569999999,24.938379,,,,,
['Comunicare S.r.l.'],/v2/networks/monopoli-bike,monopoli-bike,Monopoli BIKE,Monopoli,IT,40.94519109440738,17.311687995336918,https://www.bicincitta.com/frmLeStazioni.aspx?ID=191,,,,
"['Turku Region Traffic Föli', 'Nextbike Polska']",/v2/networks/foli,foli,Föli-fillari,Turku,FI,60.4506,22.2666,,,,,
['Comunicare S.r.l.'],/v2/networks/bicimia,bicimia,bicimia,Brescia,IT,45.5378,10.2173,https://bicimia.bresciamobilita.it/frmLeStazioni.aspx?ID=40,,,,
['FSM Ground Services Ltd.'],/v2/networks/telofun,telofun,Tel-O-Fun,"Tel Aviv-Yaffo, Giv'atayim, Ramat-Gan",IL,32.087053,34.789776,,,,,
['Comunicare S.r.l.'],/v2/networks/andria,andria,Andria in Bici,Andria,IT,41.224346932834,16.296983922753956,https://www.bicincitta.com/frmLeStazioni.aspx?ID=192,,,,
['Open Source Bike Share'],/v2/networks/whitebikes,whitebikes,WhiteBikes,Bratislava,SK,48.149424,17.113922,,,,,
"['Dopravný podnik Bratislava', 'Bratislavská integrovaná doprava, a.s.', 'Hlavné mesto SR Bratislava']",/v2/networks/slovnaft-bajk,slovnaft-bajk,Slovnaft BAjk,Bratislava,SK,48.1356952,16.9758332,,,,,
['Open Source Bike Share'],/v2/networks/cykl,cykl,Cykl,Wageningen,NL,51.974,5.6671,,,,,
['Open Source Bike Share'],/v2/networks/bicyklezadobreskutky,bicyklezadobreskutky,Bicykle za dobré skutky,Prešov,SK,48.996275,21.234341,,,,,
['Social Bicycles Inc.'],/v2/networks/socialbicycles-wavelo,socialbicycles-wavelo,Wavelo,Kraków,PL,50.06143,19.93658,,,,,
['Comunicare S.r.l.'],/v2/networks/bicinquartucciu,bicinquartucciu,BicinQuartucciu,Quartucciu,IT,39.25043149806156,9.179296426489255,https://www.bicincitta.com/frmLeStazioni.aspx?ID=193,,,,
['Mainzer Verkehrsgesellschaft mbH (MVG)'],/v2/networks/mvgmeinrad,mvgmeinrad,MVGmeinrad,Mainz,DE,49.992862,8.247253,,,,,
['Sistema de Bicicletas Públicas del Valle de Aburrá'],/v2/networks/encicla,encicla,EnCicla,Medellin,CO,6.254942,-75.567982,,,,,
['Comunicare S.r.l.'],/v2/networks/olbia-bike,olbia-bike,Olbia Bike,Olbia,IT,40.9240543,9.4994397,https://www.bicincitta.com/frmLeStazioni.aspx?ID=194,,,,
"['Vanncouver Bike Share Inc.', 'CycleHop LLC', 'City of Vancouver', 'Shaw Communications Inc.', 'Fifteen']",/v2/networks/mobibikes,mobibikes,Mobi,Vancouver,CA,49.2827,-123.1207,,https://vancouver-gbfs.smoove.pro/gbfs/2/gbfs.json,,,
['Comunicare S.r.l.'],/v2/networks/savona,savona,Savona,Savona,IT,44.29516444397244,8.463126708984431,https://www.bicincitta.com/frmLeStazioni.aspx?ID=195,,,,
"['CityBike France', 'PBSC Urban Solutions']",/v2/networks/c-velo,c-velo,C.vélo,Clermont-Ferrand,FR,45.7831,3.0824,,https://clermontferrand.publicbikesystem.net/customer/ube/gbfs/v1/,,,
['Smoove'],/v2/networks/velivert,velivert,VéliVert,Saint-Étienne,FR,45.396667,4.290833,,https://saint-etienne-fr-smoove.klervi.net/gbfs/gbfs.json,,,
['Comunicare S.r.l.'],/v2/networks/brindisi,brindisi,BrindisiByBike,Brindisi,IT,40.637580319936106,17.940774547082572,https://www.bicincitta.com/frmLeStazioni.aspx?ID=197,,,,
"['TCRA Public Transport Region Avignon', 'Fifteen']",/v2/networks/velopop,velopop,Vélopop,Avignon,FR,43.943689,4.805833,,,,,
['Smoove'],/v2/networks/batumvelo,batumvelo,Batumvelo,Batumi,GE,41.660906,41.678835,,,,,
['Comunicare S.r.l.'],/v2/networks/tradate,tradate,Tradate,Tradate,IT,45.70938576720161,8.915993391601548,https://www.bicincitta.com/frmLeStazioni.aspx?ID=198,,,,
"['Mobilicidade Tecnologia LTD', 'Grupo Serttel LTDA']",/v2/networks/bikebh,bikebh,BikeBH,Belo Horizonte,BR,-19.920793,-43.922165,,,,,
"['Mobilicidade Tecnologia LTD', 'Grupo Serttel LTDA']",/v2/networks/bikepetrolina,bikepetrolina,BikePetrolina,Petrolina,BR,-9.389049,-40.502751,,,,,
['Comunicare S.r.l.'],/v2/networks/jesinbici,jesinbici,JesinBici,Jesi,IT,43.522601,13.244448,https://www.bicincitta.com/frmLeStazioni.aspx?ID=236,,,,
['Comunicare S.r.l.'],/v2/networks/nbici,nbici,nbici,Pamplona,ES,42.8116631,-1.6482653,https://www.bicincitta.com/frmLeStazioni.aspx?ID=230,,,,
['Tembici'],/v2/networks/bikebrasilia,bikebrasilia,BikeBrasilia,Brasília,BR,-15.795115,-47.887424,,https://brasilia.publicbikesystem.net/customer/ube/gbfs/v1/,,,
"['Mobilicidade Tecnologia LTD', 'Grupo Serttel LTDA']",/v2/networks/debikegoiania,debikegoiania,GynDebike,Goiânia,BR,-16.670492,-49.259535,,,,,
['Comunicare S.r.l.'],/v2/networks/treviso,treviso,Treviso,Treviso,IT,45.6669011,12.243039,https://www.bicincitta.com/frmLeStazioni.aspx?ID=179,,,,
"['Mobilicidade Tecnologia LTD', 'Grupo Serttel LTDA']",/v2/networks/bicicletar,bicicletar,Bicicletar,Fortaleza,BR,-3.7321944,-38.510347,,,,,
"['Mobilicidade Tecnologia LTD', 'Grupo Serttel LTDA']",/v2/networks/cajubike,cajubike,CajuBike,Aracajú,BR,-10.987263,-37.051898,,,,,
"['Mobilicidade Tecnologia LTD', 'Grupo Serttel LTDA']",/v2/networks/bikebelem,bikebelem,Bike Belém,Belém,BR,-1.4600794,-48.490865,,,,,
['Comunicare S.r.l.'],/v2/networks/sondrio,sondrio,Sondrio,Sondrio,IT,46.1698583,9.8787674,https://www.bicincitta.com/frmLeStazioni.aspx?ID=213,,,,
"['Mobilicidade Tecnologia LTD', 'Grupo Serttel LTDA']",/v2/networks/bikesantos,bikesantos,BikeSantos,Santos,BR,-23.954052,-46.333345,,,,,
['Comunicare S.r.l.'],/v2/networks/vercelli,vercelli,Vercelli,Vercelli,IT,45.32022720000001,8.418573499999999,https://www.bicincitta.com/frmLeStazioni.aspx?ID=235,,,,
['Comunicare S.r.l.'],/v2/networks/portofino-park-and-bike,portofino-park-and-bike,Portofino Park and Bike,Santa Margherita Ligure - Portofino - Camogli,IT,44.335084,9.211264,https://www.bicincitta.com/frmLeStazioni.aspx?ID=128,,,,
"['Mobilicidade Tecnologia LTD', 'Municipalidad de Rosario']",/v2/networks/mibicitubici,mibicitubici,Mi bici tu bici,Rosario,AR,-32.95,-60.65,,https://www.mibicitubici.gob.ar/opendata/gbfs.json,,,
['DecoBike LLC'],/v2/networks/decobike-miami-beach,decobike-miami-beach,Citi Bike Miami,"Miami Beach, FL",US,25.790654,-80.1300455,,,,,
['DecoBike LLC'],/v2/networks/decobike-san-diego,decobike-san-diego,Decobike San Diego,"San Diego, CA",US,32.715738,-117.1610838,,,,,
['Comunicare S.r.l.'],/v2/networks/meglio-in-bici,meglio-in-bici,Meglio in Bici,Cernusco sul Naviglio - Pioltello - Carugate,IT,45.520541,9.341984,https://www.bicincitta.com/frmLeStazioni.aspx?ID=121,,,,
"['BCycle, LLC']",/v2/networks/desmoines,desmoines,Des Moines B-cycle,"Des Moines, IA",US,41.6005448,-93.6091064,,https://gbfs.bcycle.com/bcycle_desmoines/gbfs.json,,,
['Comunicare S.r.l.'],/v2/networks/ossola,ossola,Comunità Montana Valli dell'Ossola,Santa Maria Maggiore - Malesco - Villette,IT,46.127196,8.499169,https://www.bicincitta.com/frmLeStazioni.aspx?ID=152,,,,
"['BCycle, LLC']",/v2/networks/greenville,greenville,Greenville B-cycle,"Greenville, SC",US,34.85261759999999,-82.3940104,,https://gbfs.bcycle.com/bcycle_greenville/gbfs.json,,,
['Comunicare S.r.l.'],/v2/networks/bicincitta-mezzolombardo,bicincitta-mezzolombardo,Bicincittà,Mezzolombardo,IT,46.21400260000001,11.0967867,https://www.bicincitta.com/frmLeStazioni.aspx?ID=228,,,,
['Comunicare S.r.l.'],/v2/networks/bicincitta-lausanne-campus-morges,bicincitta-lausanne-campus-morges,Bicincittà,Lausanne - Morges - Campus,CH,46.5196535,6.6322734,https://www.bicincitta.com/frmLeStazioni.aspx?ID=123,,,,
['Comunicare S.r.l.'],/v2/networks/bicincitta-scafati,bicincitta-scafati,Bicincittà,Scafati,IT,40.7620174,14.5363969,https://www.bicincitta.com/frmLeStazioni.aspx?ID=106,,,,
['Comunicare S.r.l.'],/v2/networks/bicincitta-livorno,bicincitta-livorno,Bicincittà,Livorno,IT,43.548473,10.3105674,https://www.bicincitta.com/frmLeStazioni.aspx?ID=226,,,,
['Comunicare S.r.l.'],/v2/networks/bicincitta-valais-central,bicincitta-valais-central,Bicincittà,Sion,CH,46.2331221,7.360625999999999,https://www.bicincitta.com/frmLeStazioni.aspx?ID=89,,,,
['Comunicare S.r.l.'],/v2/networks/bicincitta-forli,bicincitta-forli,Mi Muovo in Bici,Forlì,IT,44.2227398,12.0407312,http://www.mimuovoinbici.it/frmLeStazioni.aspx?ID=119,,,,
['Comunicare S.r.l.'],/v2/networks/bicincitta-rivarolo-canavese,bicincitta-rivarolo-canavese,Bicincittà,Rivarolo Canavese,IT,45.306633,7.723242,https://www.bicincitta.com/frmLeStazioni.aspx?ID=227,,,,
['Comunicare S.r.l.'],/v2/networks/bicincitta-monserrato,bicincitta-monserrato,Bicincittà,Monserrato,IT,39.2560191,9.1453579,https://www.bicincitta.com/frmLeStazioni.aspx?ID=220,,,,
['Comunicare S.r.l.'],/v2/networks/bicincitta-mezzocorona,bicincitta-mezzocorona,Bicincittà,Mezzocorona,IT,46.2339047,11.1277461,https://www.bicincitta.com/frmLeStazioni.aspx?ID=229,,,,
['Comunicare S.r.l.'],/v2/networks/bicincitta-san-lazzaro-di-savena,bicincitta-san-lazzaro-di-savena,Mi Muovo in Bici,San Lazzaro di Savena,IT,44.4702725,11.409399,http://www.mimuovoinbici.it/frmLeStazioni.aspx?ID=100,,,,
['Comunicare S.r.l.'],/v2/networks/bicincitta-san-teodoro,bicincitta-san-teodoro,Bicincittà,San Teodoro,IT,40.7722837,9.6695458,https://www.bicincitta.com/frmLeStazioni.aspx?ID=225,,,,
['Comunicare S.r.l.'],/v2/networks/bicincitta-parco-molentargius-saline,bicincitta-parco-molentargius-saline,Bicincittà,Parco Naturale Molentargius - Saline,IT,39.2052545,9.146761099999999,https://www.bicincitta.com/frmLeStazioni.aspx?ID=151,,,,
['Comunicare S.r.l.'],/v2/networks/parkinbici,parkinbici,Parkinbici,Parco Nazionale del Gargano,IT,41.7817081,15.8516421,https://www.bicincitta.com/frmLeStazioni.aspx?ID=105,,,,
['Comunicare S.r.l.'],/v2/networks/bicincitta-gallipoli,bicincitta-gallipoli,Bicincittà,Gallipoli,IT,40.0558554,17.9925085,https://www.bicincitta.com/frmLeStazioni.aspx?ID=109,,,,
['Comunicare S.r.l.'],/v2/networks/bicincitta-castel-guelfo-the-style-outlets,bicincitta-castel-guelfo-the-style-outlets,Bicincittà,Castel Guelfo di Bologna,IT,44.4328527,11.6750857,https://www.bicincitta.com/frmLeStazioni.aspx?ID=233,,,,
['Comunicare S.r.l.'],/v2/networks/bicincitta-san-michele-alladige,bicincitta-san-michele-alladige,Bicincittà,San Michele All'adige,IT,46.1878653,11.1330423,https://www.bicincitta.com/frmLeStazioni.aspx?ID=231,,,,
['Comunicare S.r.l.'],/v2/networks/bicincitta-agglo-fribourg,bicincitta-agglo-fribourg,Bicincittà,Fribourg,CH,46.8064773,7.161971899999999,https://www.bicincitta.com/frmLeStazioni.aspx?ID=33,,,,
['Comunicare S.r.l.'],/v2/networks/bicincitta-modena,bicincitta-modena,Mi Muovo in bici,Modena,IT,44.647128,10.9252269,http://www.mimuovoinbici.it/frmLeStazioni.aspx?ID=180,,,,
['Comunicare S.r.l.'],/v2/networks/bicincitta-brancaleone,bicincitta-brancaleone,Bicincittà,Brancaleone,IT,37.9679084,16.0757749,https://www.bicincitta.com/frmLeStazioni.aspx?ID=104,,,,
['Comunicare S.r.l.'],/v2/networks/bicincitta-bulle,bicincitta-bulle,Bicincittà,Bulle,CH,46.6154512,7.057726799999999,https://www.bicincitta.com/frmLeStazioni.aspx?ID=34,,,,
['Comunicare S.r.l.'],/v2/networks/bicincitta-riviera,bicincitta-riviera,Bicincittà,Distretto della Riviera-Pays-d'Enhaut,CH,46.4628333,6.8419192,https://www.bicincitta.com/frmLeStazioni.aspx?ID=129,,,,
['Comunicare S.r.l.'],/v2/networks/bicincitta-scandiano,bicincitta-scandiano,Mi Muovo in Bici,Scandiano,IT,44.5982342,10.6909273,http://www.mimuovoinbici.it/frmLeStazioni.aspx?ID=94,,,,
['Comunicare S.r.l.'],/v2/networks/bicincitta-elmas,bicincitta-elmas,Bicincittà,Elmas,IT,39.2634329,9.0515805,https://www.bicincitta.com/frmLeStazioni.aspx?ID=218,,,,
['Comunicare S.r.l.'],/v2/networks/bicincitta-tivat,bicincitta-tivat,Bicincittà,TV,ME,42.4349809,18.7066398,https://www.bicincitta.com/frmLeStazioni.aspx?ID=87,,,,
['Comunicare S.r.l.'],/v2/networks/bicincitta-acquaviva-delle-fonti,bicincitta-acquaviva-delle-fonti,Bicincittà,Acquaviva delle fonti,IT,40.9303721,16.8414374,https://www.bicincitta.com/frmLeStazioni.aspx?ID=160,,,,
['Comunicare S.r.l.'],/v2/networks/we-love-bike,we-love-bike,We Love bike,Lodi,IT,45.3097228,9.503715999999999,https://www.bicincitta.com/frmLeStazioni.aspx?ID=190,,,,
['Comunicare S.r.l.'],/v2/networks/bicincitta-acquarica-del-capo,bicincitta-acquarica-del-capo,Bicincittà,Acquarica del Capo,IT,39.9144573,18.2450324,https://www.bicincitta.com/frmLeStazioni.aspx?ID=146,,,,
['Comunicare S.r.l.'],/v2/networks/bicincitta-vicolungo-the-style-outlets,bicincitta-vicolungo-the-style-outlets,Bicincittà,Vicolungo,IT,45.47167229999999,8.4633922,https://www.bicincitta.com/frmLeStazioni.aspx?ID=232,,,,
['Comunicare S.r.l.'],/v2/networks/bicincitta-porto-torres,bicincitta-porto-torres,Bicincittà,Porto Torres,IT,40.8333682,8.402292899999999,https://www.bicincitta.com/frmLeStazioni.aspx?ID=221,,,,
['Comunicare S.r.l.'],/v2/networks/bicincitta-cisterna-di-latina,bicincitta-cisterna-di-latina,Bicincittà,Cisterna di Latina,IT,41.5754029,12.8284772,https://www.bicincitta.com/frmLeStazioni.aspx?ID=217,,,,
['Comunicare S.r.l.'],/v2/networks/bicincitta-casaletto-spartano,bicincitta-casaletto-spartano,Bicincittà,Casaletto Spartano,IT,40.1532801,15.6211479,https://www.bicincitta.com/frmLeStazioni.aspx?ID=199,,,,
['Comunicare S.r.l.'],/v2/networks/bicincitta-selargius,bicincitta-selargius,Bicincittà,Selargius,IT,39.2596768,9.1629372,https://www.bicincitta.com/frmLeStazioni.aspx?ID=219,,,,
['Comunicare S.r.l.'],/v2/networks/bicincitta-yverdon-les-bains,bicincitta-yverdon-les-bains,Bicincittà,Yverdon-les-Bains,CH,46.7784736,6.641183,https://www.bicincitta.com/frmLeStazioni.aspx?ID=116,,,,
['Comunicare S.r.l.'],/v2/networks/bicincitta-monza,bicincitta-monza,Bicincittà,Monza,IT,45.5845001,9.2744485,https://www.bicincitta.com/frmLeStazioni.aspx?ID=224,,,,
['Comunicare S.r.l.'],/v2/networks/bicincitta-la-cote,bicincitta-la-cote,Bicincittà,Nyon,CH,46.3832683,6.2347852,https://www.bicincitta.com/frmLeStazioni.aspx?ID=32,,,,
['Comunicare S.r.l.'],/v2/networks/bicincitta-morigerati,bicincitta-morigerati,Bicincittà,Morigerati,IT,40.1422031,15.5298525,https://www.bicincitta.com/frmLeStazioni.aspx?ID=200,,,,
['Comunicare S.r.l.'],/v2/networks/bicincitta-san-donato-milanese,bicincitta-san-donato-milanese,Bicincittà,San Donato Milanese,IT,45.4092402,9.2684867,https://www.bicincitta.com/frmLeStazioni.aspx?ID=234,,,,
['Comunicare S.r.l.'],/v2/networks/bicincitta-chablais,bicincitta-chablais,Bicincittà,Monthey - Aigle,CH,46.2521873,6.9469598,https://www.bicincitta.com/frmLeStazioni.aspx?ID=60,,,,
['Comunicare S.r.l.'],/v2/networks/bicincitta-ente-parco-del-circeo,bicincitta-ente-parco-del-circeo,Bicincittà,Parco Nazionale del Circeo,IT,41.3151015,13.0330782,https://www.bicincitta.com/frmLeStazioni.aspx?ID=135,,,,
['Comunicare S.r.l.'],/v2/networks/bicincitta-cesena,bicincitta-cesena,Mi Muovo in bici,Cesena,IT,44.1396438,12.2464292,http://www.mimuovoinbici.it/frmLeStazioni.aspx?ID=120,,,,
['Comunicare S.r.l.'],/v2/networks/bicincitta-lugano-paradiso,bicincitta-lugano-paradiso,Bicincittà,Paradiso,CH,45.9907174,8.945261799999999,https://www.bicincitta.com/frmLeStazioni.aspx?ID=130,,,,
['Comunicare S.r.l.'],/v2/networks/lecco,lecco,Bicincittà,Lecco,IT,45.8565698,9.397670399999999,https://www.bicincitta.com/frmLeStazioni.aspx?ID=49,,,,
['Comunicare S.r.l.'],/v2/networks/bicincitta-alghero,bicincitta-alghero,Bicincittà,Alghero,IT,40.5579517,8.319294900000001,https://www.bicincitta.com/frmLeStazioni.aspx?ID=237,,,,
['Comunicare S.r.l.'],/v2/networks/bicincitta-san-giovanni-in-persiceto,bicincitta-san-giovanni-in-persiceto,Mi Muovo in Bici,San Giovanni in Persiceto,IT,44.6405433,11.1893053,http://www.mimuovoinbici.it/frmLeStazioni.aspx?ID=101,,,,
['Comunicare S.r.l.'],/v2/networks/bicincitta-ente-parco-san-rossore,bicincitta-ente-parco-san-rossore,Bicincittà,Parco naturale Migliarino San Rossore Massaciuccoli,IT,43.723826,10.339509,https://www.bicincitta.com/frmLeStazioni.aspx?ID=145,,,,
['Comunicare S.r.l.'],/v2/networks/bicincitta-treviglio,bicincitta-treviglio,Bicincittà,Treviglio,IT,45.5293372,9.591435899999999,https://www.bicincitta.com/frmLeStazioni.aspx?ID=174,,,,
['Comunicare S.r.l.'],/v2/networks/bicincitta-lavis,bicincitta-lavis,Bicincittà,Lavis,IT,46.1408423,11.1124935,https://www.bicincitta.com/frmLeStazioni.aspx?ID=238,,,,
['Comunicare S.r.l.'],/v2/networks/bicincitta-les-lacs-romont,bicincitta-les-lacs-romont,Bicincittà,Murten,CH,46.92922110000001,7.120184,https://www.bicincitta.com/frmLeStazioni.aspx?ID=35,,,,
['Comunicare S.r.l.'],/v2/networks/bicincitta-ente-parco-di-montemarcello-magra,bicincitta-ente-parco-di-montemarcello-magra,Bicincittà,Ente Parco Montemarcello Magra,IT,44.1143897,9.9635986,https://www.bicincitta.com/frmLeStazioni.aspx?ID=132,,,,
['Comunicare S.r.l.'],/v2/networks/bicischio,bicischio,BiciSchio,Schio,IT,45.7170517,11.3597702,https://www.bicincitta.com/frmLeStazioni.aspx?ID=91,,,,
['Comunicare S.r.l.'],/v2/networks/bicincitta-imola,bicincitta-imola,Mi Muovo in bici,Imola,IT,44.3559128,11.7161197,http://www.mimuovoinbici.it/frmLeStazioni.aspx?ID=196,,,,
['Nextbike GmbH'],/v2/networks/nextbike-leipzig,nextbike-leipzig,Nextbike,Leipzig,DE,51.3415,12.3625,,,,,
['Nextbike GmbH'],/v2/networks/nextbike-wiesbaden,nextbike-wiesbaden,Nextbike,Wiesbaden,DE,50.0709,8.24322,,,,,
['Nextbike GmbH'],/v2/networks/visa-frankfurt,visa-frankfurt,VISA,Frankfurt,DE,50.1072,8.66375,,,,,
['Nextbike GmbH'],/v2/networks/kvb-rad-koln,kvb-rad-koln,KVB Rad,Köln,DE,50.9429,6.95649,,,,,
['Nextbike GmbH'],/v2/networks/facherrad-karlsruhe,facherrad-karlsruhe,Fächerrad,Karlsruhe,DE,49.0102,8.41827,,,,,
['Nextbike GmbH'],/v2/networks/burgenland-neusiedler-see,burgenland-neusiedler-see,Burgenland,Neusiedler See,AT,47.839,16.761,,,,,
['Nextbike GmbH'],/v2/networks/nextbike-dusseldorf,nextbike-dusseldorf,Nextbike,Düsseldorf,DE,51.2243,6.77204,,,,,
['Nextbike GmbH'],/v2/networks/nextbike-stpolten,nextbike-stpolten,Nextbike,St.Pölten,AT,48.2058,15.6232,,,,,
['Nextbike GmbH'],/v2/networks/nextbike-modling,nextbike-modling,Nextbike,Mödling,AT,48.1047,16.3202,,,,,
['Nextbike GmbH'],/v2/networks/nextbike-sursee,nextbike-sursee,Nextbike,Sursee,CH,47.1713,8.10877,,,,,
['Nextbike GmbH'],/v2/networks/nextbike-luzern,nextbike-luzern,Nextbike,Luzern,CH,47.0472,8.30446,,,,,
['Nextbike GmbH'],/v2/networks/sixt-riga,sixt-riga,SiXT,Rīga,LV,56.9453,24.1033,,,,,
['Nextbike GmbH'],/v2/networks/metropolradruhr-dortmund,metropolradruhr-dortmund,metropolradruhr,Dortmund,DE,51.5141,7.46255,,,,,
['Nextbike GmbH'],/v2/networks/metropolradruhr-bochum,metropolradruhr-bochum,metropolradruhr,Bochum,DE,51.4813,7.2133,,,,,
['Nextbike GmbH'],/v2/networks/metropolradruhr-bottrop,metropolradruhr-bottrop,metropolradruhr,Bottrop,DE,51.5263,6.94611,,,,,
['Nextbike GmbH'],/v2/networks/metropolradruhr-duisburg,metropolradruhr-duisburg,metropolradruhr,Duisburg,DE,51.4487,6.77513,,,,,
['Nextbike GmbH'],/v2/networks/metropolradruhr-essen,metropolradruhr-essen,metropolradruhr,Essen,DE,51.4425,7.02301,,,,,
['Nextbike GmbH'],/v2/networks/metropolradruhr-gelsenkirchen,metropolradruhr-gelsenkirchen,metropolradruhr,Gelsenkirchen,DE,51.5404,7.07039,,,,,
['Nextbike GmbH'],/v2/networks/metropolradruhr-hamm,metropolradruhr-hamm,metropolradruhr,Hamm,DE,51.6775,7.84836,,,,,
['Nextbike GmbH'],/v2/networks/metropolradruhr-herne,metropolradruhr-herne,metropolradruhr,Herne,DE,51.5363,7.21493,,,,,
['Nextbike GmbH'],/v2/networks/metropolradruhr-mulheim-adr,metropolradruhr-mulheim-adr,metropolradruhr,Mülheim a.d.R.,DE,51.4308,6.87401,,,,,
['Nextbike GmbH'],/v2/networks/metropolradruhr-oberhausen,metropolradruhr-oberhausen,metropolradruhr,Oberhausen,DE,51.4936,6.85169,,,,,
['Nextbike GmbH'],/v2/networks/nextbike-wachau,nextbike-wachau,Nextbike,Wachau,AT,48.3188,15.4166,,,,,
['Nextbike GmbH'],/v2/networks/nextbike-tulln,nextbike-tulln,Nextbike,Tulln,AT,48.3269,16.0569,,,,,
['Nextbike GmbH'],/v2/networks/nextbike-thermenregion,nextbike-thermenregion,Nextbike,Thermenregion,AT,47.9892,16.2646,,,,,
['Nextbike GmbH'],/v2/networks/wrm-wroclaw,wrm-wroclaw,WRM,Wrocław,PL,51.1097,17.0485,,,,,
['Nextbike GmbH'],/v2/networks/nextbike-offenburg,nextbike-offenburg,Nextbike,Offenburg,DE,48.4721,7.94243,,,,,
['Nextbike GmbH'],/v2/networks/nextbike-wrneustadt,nextbike-wrneustadt,Nextbike,Wr.Neustadt,AT,47.8167,16.2426,,,,,
['Nextbike GmbH'],/v2/networks/nextbike-potsdam,nextbike-potsdam,Nextbike,Potsdam,DE,52.3997,13.0676,,,,,
['Nextbike GmbH'],/v2/networks/nextbike-gutersloh,nextbike-gutersloh,Nextbike,Gütersloh,DE,51.9049,8.39275,,,,,
['Nextbike GmbH'],/v2/networks/nextbike-10vorwien,nextbike-10vorwien,Nextbike,10vorWien,AT,48.3403,16.279,,,,,
['Nextbike GmbH'],/v2/networks/usedomrad-usedom,usedomrad-usedom,UsedomRad,Usedom,DE,53.9779,13.9925,,,,,
['Nextbike GmbH'],/v2/networks/nextbike-norderstedt,nextbike-norderstedt,Nextbike,Norderstedt,DE,53.6969,10.002,,,,,
['Nextbike GmbH'],/v2/networks/swa-rad-augsburg,swa-rad-augsburg,SWA Rad,Augsburg,DE,48.3647,10.8916,,,,,
['Nextbike GmbH'],/v2/networks/nextbike-limassol,nextbike-limassol,Nextbike,Limassol,CY,34.6823,33.0464,,,,,
['Nextbike GmbH'],/v2/networks/prm-poznan,prm-poznan,PRM,Poznań,PL,52.4077,16.9323,,,,,
['Nextbike GmbH'],/v2/networks/nextbike-christchurch,nextbike-christchurch,Nextbike,Christchurch,NZ,-43.5341,172.621,,,,,
['Nextbike GmbH'],/v2/networks/vrn-heidelberg,vrn-heidelberg,VRN,Heidelberg,DE,49.4023,8.67577,,,,,
['Nextbike GmbH'],/v2/networks/vrn-mannheim,vrn-mannheim,VRN,Mannheim,DE,49.4869,8.45638,,,,,
['Nextbike GmbH'],/v2/networks/stadtrad-innsbruck,stadtrad-innsbruck,Stadtrad,Innsbruck,AT,47.2632,11.3961,,,,,
['Nextbike GmbH'],/v2/networks/nextbike-nicosia,nextbike-nicosia,Nextbike,Nicosia,CY,35.1728,33.3653,,,,,
['Nextbike GmbH'],/v2/networks/veturilo-warszawa,veturilo-warszawa,VETURILO,Warszawa,PL,52.2265,21.0127,,,,,
['Nextbike GmbH'],/v2/networks/nextbike-hollabrunn,nextbike-hollabrunn,Nextbike,Hollabrunn,AT,48.562,16.0785,,,,,
['Nextbike GmbH'],/v2/networks/nextbike-wienerwald,nextbike-wienerwald,Nextbike,WienerWald,AT,48.1926,16.141,,,,,
['Nextbike GmbH'],/v2/networks/nextbike-zagreb,nextbike-zagreb,Nextbike,Zagreb,HR,45.7984,15.9789,,,,,
['Nextbike GmbH'],/v2/networks/nextbike-glasgow,nextbike-glasgow,Nextbike,Glasgow,GB,55.8589,-4.25549,,,,,
['Nextbike GmbH'],/v2/networks/belfastbikes-belfast,belfastbikes-belfast,BelfastBikes,Belfast,GB,54.5969,-5.92918,,,,,
['Nextbike GmbH'],/v2/networks/nextbike-stirling,nextbike-stirling,Nextbike,Stirling,GB,56.1165,-3.9369,,,,,
['Nextbike GmbH'],/v2/networks/grad-sibenik-sibenik,grad-sibenik-sibenik,Grad Šibenik,Šibenik,HR,43.733,15.8982,,,,,
['Nextbike GmbH'],/v2/networks/lrm-lublin-lublin,lrm-lublin-lublin,LRM Lublin,Lublin,PL,51.2469,22.5697,,,,,
['Nextbike GmbH'],/v2/networks/healthy-ride-pittsburgh-pittsburgh,healthy-ride-pittsburgh-pittsburgh,Healthy Ride,Pittsburgh,US,40.4459,-79.9945,,,,,
['Nextbike GmbH'],/v2/networks/grm-grodzisk-grodzisk-mazowiecki,grm-grodzisk-grodzisk-mazowiecki,GRM Grodzisk,Grodzisk Mazowiecki,PL,52.113,20.6265,,,,,
['Nextbike GmbH'],/v2/networks/nextbike-quickborn,nextbike-quickborn,Nextbike,Quickborn,DE,53.7333,9.90272,,,,,
['Nextbike GmbH'],/v2/networks/vrn-ludwigshafen,vrn-ludwigshafen,VRN,Ludwigshafen,DE,49.4741,8.43287,,,,,
['Nextbike GmbH'],/v2/networks/vrn-speyer,vrn-speyer,VRN,Speyer,DE,49.3126,8.45295,,,,,
['Nextbike GmbH'],/v2/networks/nextbike-lviv,nextbike-lviv,Nextbike,Lviv,UA,49.8402,24.0182,,,,,
['Nextbike GmbH'],/v2/networks/nextbike-wurzburg,nextbike-wurzburg,Nextbike,Würzburg,DE,49.8,9.93333,,,,,
['Nextbike GmbH'],/v2/networks/nextbike-serfaus,nextbike-serfaus,Nextbike,Serfaus,AT,47.0387,10.6048,,,,,
['Nextbike GmbH'],/v2/networks/nextbike-malta,nextbike-malta,Nextbike,Malta,MT,35.9192,14.4889,,,,,
['Nextbike GmbH'],/v2/networks/grad-karlovac-karlovac,grad-karlovac-karlovac,Grad Karlovac,Karlovac,HR,45.4905,15.5503,,,,,
['Nextbike GmbH'],/v2/networks/grad-slavonski-brod-slavonski-brod,grad-slavonski-brod-slavonski-brod,Grad Slavonski Brod,Slavonski Brod,HR,45.1656,18.0183,,,,,
['Nextbike GmbH'],/v2/networks/santander-cycles-mk-milton-keynes,santander-cycles-mk-milton-keynes,Santander Cycles MK,Milton Keynes,GB,52.0406,-0.759417,,,,,
['Nextbike GmbH'],/v2/networks/nextbike-hergiswil,nextbike-hergiswil,Nextbike,Hergiswil,CH,46.9905,8.30829,,,,,
['Nextbike GmbH'],/v2/networks/grad-makarska-makarska,grad-makarska-makarska,Grad Makarska,Makarska,HR,43.2992,17.0184,,,,,
['Nextbike GmbH'],/v2/networks/opcina-brinje-brinje,opcina-brinje-brinje,Općina Brinje,Brinje,HR,44.9977,15.1258,,,,,
['Nextbike GmbH'],/v2/networks/grad-zadar-zadar,grad-zadar-zadar,Grad Zadar,Zadar,HR,44.0058,15.2183,,,,,
['Nextbike GmbH'],/v2/networks/vrn-bensheim,vrn-bensheim,VRN,Bensheim,DE,49.6803,8.6189,,,,,
['Nextbike GmbH'],/v2/networks/grad-ivanic-grad-ivanic-grad,grad-ivanic-grad-ivanic-grad,Grad Ivanić-Grad,Ivanic Grad,HR,45.7062,16.3919,,,,,
['Nextbike GmbH'],/v2/networks/bike-s-srm-szczecin,bike-s-srm-szczecin,Bike_S SRM,Szczecin,PL,53.4301,14.5498,,,,,
['Nextbike GmbH'],/v2/networks/nextbike-sarajevo,nextbike-sarajevo,Nextbike,Sarajevo,BA,43.85,18.39,,,,,
['Nextbike GmbH'],/v2/networks/co-bikes-exeter,co-bikes-exeter,Co-bikes,Exeter,GB,50.7272,-3.53605,,,,,
['Nextbike GmbH'],/v2/networks/nextbike-auckland-waterfront,nextbike-auckland-waterfront,Nextbike,Auckland Waterfront,NZ,-36.841,174.763,,,,,
['Nextbike GmbH'],/v2/networks/nextbike-berlin,nextbike-berlin,Nextbike,Berlin,DE,52.5087,13.3563,,,,,
['Nextbike GmbH'],/v2/networks/veturilo-stacje-sponsorskie-nextbike-veturilo,veturilo-stacje-sponsorskie-nextbike-veturilo,Stacje Sponsorskie Nextbike Veturilo,Warszawa,PL,52.2265,21.0127,,,,,
['Nextbike GmbH'],/v2/networks/bike4all-byblos,bike4all-byblos,bike4all,Byblos,LB,34.1236,35.6511,,,,,
['Nextbike GmbH'],/v2/networks/chartered-bike-bhopal-bhopal,chartered-bike-bhopal-bhopal,Chartered Bike,Bhopal,IN,23.2467,77.411,,,,,
['Nextbike GmbH'],/v2/networks/wk-bike-bremen-bremen,wk-bike-bremen-bremen,WK-Bike,Bremen,DE,53.0781,8.80132,,,,,
['Nextbike GmbH'],/v2/networks/vrn-worms,vrn-worms,VRN,Worms,DE,49.6394,8.34618,,,,,
['Nextbike GmbH'],/v2/networks/nextbike-stans,nextbike-stans,Nextbike,Stans,CH,46.9593,8.36836,,,,,
['Nextbike GmbH'],/v2/networks/nextbike-stansstad,nextbike-stansstad,Nextbike,Stansstad,CH,46.9801,8.34098,,,,,
['Nextbike GmbH'],/v2/networks/nextbike-horw,nextbike-horw,Nextbike,Horw,CH,47.0188,8.30828,,,,,
['Nextbike GmbH'],/v2/networks/vrn-burstadt,vrn-burstadt,VRN,Bürstadt,DE,49.6461,8.44917,,,,,
['Nextbike GmbH'],/v2/networks/prm-stacje-sponsorskie-nextbike-prm,prm-stacje-sponsorskie-nextbike-prm,Stacje Sponsorskie Nextbike PRM,Poznań,PL,52.4077,16.9323,,,,,
['Nextbike GmbH'],/v2/networks/nextbike-gross-enzersdorf,nextbike-gross-enzersdorf,Nextbike,Groß Enzersdorf,AT,48.1986,16.5496,,,,,
['Nextbike GmbH'],/v2/networks/nextbike-klagenfurt,nextbike-klagenfurt,Nextbike,Klagenfurt,AT,46.6335,14.3085,,,,,
['Nextbike GmbH'],/v2/networks/vrn-kaiserslautern,vrn-kaiserslautern,VRN,Kaiserslautern,DE,49.4413,7.75566,,,,,
['Nextbike GmbH'],/v2/networks/sitycleta-las-palmas-las-palmas-de-gran-canaria,sitycleta-las-palmas-las-palmas-de-gran-canaria,Sitycleta,Las Palmas de Gran Canaria,ES,28.1236,-15.4366,,,,,
['Nextbike GmbH'],/v2/networks/grad-velika-gorica-velika-gorica,grad-velika-gorica-velika-gorica,Grad Velika Gorica,Velika Gorica,HR,45.7161,16.0683,,,,,
['Nextbike GmbH'],/v2/networks/grad-sisak-sisak,grad-sisak-sisak,Grad Sisak,Sisak,HR,45.4875,16.3753,,,,,
['Nextbike GmbH'],/v2/networks/kolobrzeski-rower-miejski-kolobrzeg,kolobrzeski-rower-miejski-kolobrzeg,Kołobrzeski Rower Miejski,Kołobrzeg,PL,54.1762,15.5761,,,,,
['Nextbike GmbH'],/v2/networks/grad-metkovic-metkovic,grad-metkovic-metkovic,Grad Metković,Metković,HR,43.0654,17.642,,,,,
['Nextbike GmbH'],/v2/networks/jastrebarsko-jastrebarsko,jastrebarsko-jastrebarsko,Nextbike,Jastrebarsko,HR,45.6692,15.6541,,,,,
['Nextbike GmbH'],/v2/networks/grad-drnis-drnis,grad-drnis-drnis,Nextbike,Drniš,HR,43.8425,16.1197,,,,,
['Nextbike GmbH'],/v2/networks/nextbike-tuzla,nextbike-tuzla,Nextbike,Tuzla,BA,44.5392,18.675,,,,,
['Nextbike GmbH'],/v2/networks/arriva-nitra,arriva-nitra,Arriva,Nitra,SK,48.3088,18.0783,,,,,
['Nextbike GmbH'],/v2/networks/nextbike-marburg,nextbike-marburg,Nextbike,Marburg,DE,50.8019,8.76444,,,,,
['Nextbike GmbH'],/v2/networks/bubi,bubi,MOL Bubi,Budapest,HU,47.497912,19.040235,,,,,
['Nextbike GmbH'],/v2/networks/nextbike-russelsheim-am-main,nextbike-russelsheim-am-main,Nextbike,Rüsselsheim am Main,DE,49.9881,8.42142,,,,,
['Nextbike GmbH'],/v2/networks/rower-miejski-szamotuly-rms-szamotuly,rower-miejski-szamotuly-rms-szamotuly,Rower Miejski Szamotuły,Szamotuły,PL,52.6112,16.5819,,,,,
['Nextbike GmbH'],/v2/networks/nextbike-dordrecht,nextbike-dordrecht,Nextbike,Dordrecht,NL,51.7833,4.69391,,,,,
['Nextbike GmbH'],/v2/networks/vrn-heppenheim,vrn-heppenheim,VRN,Heppenheim,DE,49.6431,8.63889,,,,,
['Nextbike GmbH'],/v2/networks/piaseczynski-rower-miejski-piaseczno,piaseczynski-rower-miejski-piaseczno,Piaseczyński Rower Miejski,Piaseczno,PL,52.0733,21.0269,,,,,
['Nextbike GmbH'],/v2/networks/nextbike-kassel,nextbike-kassel,Nextbike,Kassel,DE,51.3127,9.47975,,,,,
['Nextbike GmbH'],/v2/networks/nextbike-sarnen,nextbike-sarnen,Nextbike,Sarnen,CH,46.8963,8.24614,,,,,
['Nextbike GmbH'],/v2/networks/nextbike-wolfenschiessen,nextbike-wolfenschiessen,Nextbike,Wolfenschiessen,CH,46.9079,8.39767,,,,,
['Nextbike GmbH'],/v2/networks/nextbike-oberdorf,nextbike-oberdorf,Nextbike,Oberdorf,CH,46.9563,8.3884,,,,,
['Nextbike GmbH'],/v2/networks/nextbike-giessen,nextbike-giessen,Nextbike,Gießen,DE,50.5943,8.68097,,,,,
['Nextbike GmbH'],/v2/networks/vrn-weinheim,vrn-weinheim,VRN,Weinheim,DE,49.545,8.66027,,,,,
['Nextbike GmbH'],/v2/networks/nextbike-cardiff,nextbike-cardiff,Nextbike,Cardiff,GB,51.4848,-3.19062,,,,,
['Nextbike GmbH'],/v2/networks/vrn-hockenheim,vrn-hockenheim,VRN,Hockenheim,DE,49.3227,8.54258,,,,,
['Nextbike GmbH'],/v2/networks/vrn-schwetzingen,vrn-schwetzingen,VRN,Schwetzingen,DE,49.3863,8.5756,,,,,
['Nextbike GmbH'],/v2/networks/nextbike-ennetmoos,nextbike-ennetmoos,Nextbike,Ennetmoos,CH,46.9573,8.3377,,,,,
['Nextbike GmbH'],/v2/networks/vrn-eppelheim,vrn-eppelheim,VRN,Eppelheim,DE,49.4025,8.6331,,,,,
['Nextbike GmbH'],/v2/networks/nextbike-university-of-surrey,nextbike-university-of-surrey,Nextbike,Surrey,GB,51.2422,-0.590594,,,,,
['Nextbike GmbH'],/v2/networks/santander-cycles-swansea-swansea-university,santander-cycles-swansea-swansea-university,Santander Cycles,Swansea,GB,51.6106,-3.9764,,,,,
['Nextbike GmbH'],/v2/networks/nextbike-erfurt,nextbike-erfurt,Nextbike,Erfurt,DE,50.9785,11.0334,,,,,
['Nextbike GmbH'],/v2/networks/bl-bike-banja-luka,bl-bike-banja-luka,BL bike,Banja Luka,BA,44.775,17.1994,,,,,
['Nextbike GmbH'],/v2/networks/lahr-pedelecs-lahr,lahr-pedelecs-lahr,Nextbike,Lahr,DE,48.3396,7.87376,,,,,
['Nextbike GmbH'],/v2/networks/berlin-buch-campus-berlin-buch,berlin-buch-campus-berlin-buch,Berlin-Buch Campus,Berlin,DE,52.6364,13.5029,,,,,
['Nextbike GmbH'],/v2/networks/lviv-odessa,lviv-odessa,Nextbike,Odessa,UA,46.463,30.7042,,,,,
['Nextbike GmbH'],/v2/networks/zielonogorski-rower-miejski-zielona-gora,zielonogorski-rower-miejski-zielona-gora,Zielonogórski Rower Miejski,Zielona Góra,PL,51.9381,15.5048,,,,,
['Nextbike GmbH'],/v2/networks/santander-monchengladbach,santander-monchengladbach,Santander Mönchengladbach,Mönchengladbach,DE,51.1817,6.43578,,,,,
['Nextbike GmbH'],/v2/networks/nomagobikes-celje,nomagobikes-celje,NomagoBikes,Celje,SI,46.2388,15.2693,,,,,
['Nextbike GmbH'],/v2/networks/bilbon-bizi,bilbon-bizi,BilbonBizi,Bilbao,ES,43.2752,-2.93528,,,,,
['Nextbike GmbH'],/v2/networks/nomagobikes-lasko,nomagobikes-lasko,NomagoBikes,Laško,SI,46.1458,15.2312,,,,,
['Nextbike GmbH'],/v2/networks/nextbike-lippstadt,nextbike-lippstadt,Nextbike,Lippstadt,DE,51.6755,8.34394,,,,,
['Nextbike GmbH'],/v2/networks/bikekia-zilina,bikekia-zilina,BikeKia,Žilina,SK,49.2217,18.7572,,,,,
['Nextbike GmbH'],/v2/networks/koninski-rower-miejski-konin,koninski-rower-miejski-konin,Koniński Rower Miejski,Konin,PL,52.2284,18.2553,,,,,
['Nextbike GmbH'],/v2/networks/nextbike-vinnytsia,nextbike-vinnytsia,Nextbike,Vinnytsia,UA,49.2328,28.4625,,,,,
['Nextbike GmbH'],/v2/networks/nextbike-bonn,nextbike-bonn,Nextbike,Bonn,DE,50.7367,7.09541,,,,,
['Nextbike GmbH'],/v2/networks/tarnowski-rower-miejski-tarnow,tarnowski-rower-miejski-tarnow,Tarnowski Rower Miejski,Tarnów,PL,50.0113,20.9728,,,,,
['Nextbike GmbH'],/v2/networks/kolo-marek-marki,kolo-marek-marki,Koło Marek,Marki,PL,52.3256,21.1089,,,,,
['Nextbike GmbH'],/v2/networks/rowerowe-lodzkie-rl-koluszki,rowerowe-lodzkie-rl-koluszki,Rowerowe Łódzkie,Koluszki,PL,51.7401,19.835,,,,,
['Nextbike GmbH'],/v2/networks/rowerowe-lodzkie-rl-lask,rowerowe-lodzkie-rl-lask,Rowerowe Łódzkie,Łask,PL,51.5893,19.142,,,,,
['Nextbike GmbH'],/v2/networks/rowerowe-lodzkie-rl-lowicz,rowerowe-lodzkie-rl-lowicz,Rowerowe Łódzkie,Łowicz,PL,52.1057,19.9381,,,,,
['Nextbike GmbH'],/v2/networks/rowerowe-lodzkie-rl-pabianice,rowerowe-lodzkie-rl-pabianice,Rowerowe Łódzkie,Pabianice,PL,51.6651,19.3548,,,,,
['Nextbike GmbH'],/v2/networks/rowerowe-lodzkie-rl-sieradz,rowerowe-lodzkie-rl-sieradz,Rowerowe Łódzkie,Sieradz,PL,51.5902,18.7382,,,,,
['Nextbike GmbH'],/v2/networks/rowerowe-lodzkie-rl-skierniewice,rowerowe-lodzkie-rl-skierniewice,Rowerowe Łódzkie,Skierniewice,PL,51.9539,20.1469,,,,,
['Nextbike GmbH'],/v2/networks/rowerowe-lodzkie-rl-zdunska-wola,rowerowe-lodzkie-rl-zdunska-wola,Rowerowe Łódzkie,Zduńska Wola,PL,51.6011,18.938,,,,,
['Nextbike GmbH'],/v2/networks/rowerowe-lodzkie-rl-zgierz,rowerowe-lodzkie-rl-zgierz,Rowerowe Łódzkie,Zgierz,PL,51.8551,19.4068,,,,,
['Nextbike GmbH'],/v2/networks/rowerowe-lodzkie-rl-kutno,rowerowe-lodzkie-rl-kutno,Rowerowe Łódzkie,Kutno,PL,52.2317,19.3564,,,,,
['Nextbike GmbH'],/v2/networks/rowerowe-lodzkie-rl-lodz-rl,rowerowe-lodzkie-rl-lodz-rl,Rowerowe Łódzkie,Łódź,PL,51.7674,19.4575,,,,,
['Nextbike GmbH'],/v2/networks/frelo-freiburg,frelo-freiburg,Frelo,Freiburg,DE,47.9958,7.84453,,,,,
['Comunicare S.r.l.'],/v2/networks/bicincitta-trieste,bicincitta-trieste,BiTS,Trieste,IT,45.6495,13.7768,https://www.bicincitta.com/frmLeStazioni.aspx?ID=266,,,,
['Nextbike GmbH'],/v2/networks/mobibike-dresden,mobibike-dresden,MOBIbike,Dresden,DE,51.0535,13.7387,,,,,
['ЗАО «СитиБайк»'],/v2/networks/velobike-murmansk,velobike-murmansk,Velobike,Murmansk,RU,68.968,33.074,,,,,
['ЗАО «СитиБайк»'],/v2/networks/velobike-nizhniy-novgorod,velobike-nizhniy-novgorod,Velobike,Nizhniy Novgorod,RU,56.194,44.003,,,,,
['Nextbike GmbH'],/v2/networks/nextbike-ivano-frankivsk,nextbike-ivano-frankivsk,Nextbike,Ivano Frankivsk,UA,48.9281,24.7103,,,,,
"['Velobike.kz, LLP', 'Smoove']",/v2/networks/almatybike,almatybike,Almatybike,Almaty,KZ,43.239101,76.9268076,,,,,
"['Velobike.kz, LLP', 'Smoove']",/v2/networks/shymkentbike,shymkentbike,Shymkentbike,Shymkent,KZ,42.3184,69.5978,,,,,
['Motivate LLC'],/v2/networks/bay-wheels,bay-wheels,Bay Wheels,"San Francisco Bay Area, CA",US,37.7141454,-122.25,,https://gbfs.baywheels.com/gbfs/gbfs.json,,,
['Smoove'],/v2/networks/veloceo,veloceo,Vélocéo,Vannes,FR,47.6559,-2.7603,,https://vannes-gbfs.klervi.net/gbfs/gbfs.json,,,
['PBSC Urban Solutions'],/v2/networks/monabike,monabike,MonaBike,Monaco,MC,43.733333,7.416667,,https://monaco.publicbikesystem.net/customer/ube/gbfs/v1/,,,
['Ecovelo'],/v2/networks/tlp-velo,tlp-velo,Tarbes et Lourdes vls,"Tarbes, Lourdes",FR,43.23,0.07,,https://api.gbfs.v1.ecovelo.mobi/gbfs/tlpmobilites,,,True
['Ecovelo'],/v2/networks/zebullo,zebullo,ZébullO,Reims,FR,49.2628,4.0347,,https://api.gbfs.v1.ecovelo.mobi/gbfs/zebullo,,,True
['Ecovelo'],/v2/networks/velectin,velectin,Velect’in,Calais,FR,50.948056,1.856389,,https://api.gbfs.v1.ecovelo.mobi/gbfs/calais,,,True
['Ecovelo'],/v2/networks/rubis-velo,rubis-velo,Rubis'Vélo,Bourg-en-Bresse,FR,46.2056,5.2289,,https://api.gbfs.v1.ecovelo.mobi/gbfs/beb,,,
['Ecovelo'],/v2/networks/tanlib,tanlib,Vélo tanlib,Niort,FR,46.3258,-0.4606,,https://api.gbfs.v1.ecovelo.mobi/gbfs/tanlib,,,True
['Ecovelo'],/v2/networks/marseillan,marseillan,Marseillan vélo libre-service,Marseillan,FR,43.3572,3.5283,,https://api.gbfs.v1.ecovelo.mobi/gbfs/marseillan,,,
['Ecovelo'],/v2/networks/via-velo,via-velo,VIA Vélo,Val d'Ille-Aubigné,FR,48.2181,-1.6947,,https://api.gbfs.v1.ecovelo.mobi/gbfs/via,,,True
['Ecovelo'],/v2/networks/velyceo,velyceo,vélYcéo,Saint-Nazaire,FR,47.2806,-2.2086,,https://api.gbfs.v1.ecovelo.mobi/gbfs/velyceo,,,True
['Ecovelo'],/v2/networks/velocite-laon,velocite-laon,Vélo'Cité,Laon,FR,49.5639,3.6244,,https://api.gbfs.v1.ecovelo.mobi/gbfs/velocite,,,True
['Ecovelo'],/v2/networks/velo-baulois,velo-baulois,Le Vélo Baulois,La Baule-Escoublac,FR,47.2867,-2.3908,,https://api.gbfs.v1.ecovelo.mobi/gbfs/labaule,,,True
['Ecovelo'],/v2/networks/le-marcel,le-marcel,Le Marcel,Troyes,FR,48.2997,4.0792,,https://api.gbfs.v1.ecovelo.mobi/gbfs/lemarcel,,,True
['Ecovelo'],/v2/networks/tempo-velo,tempo-velo,Tempo Vélo,Agen,FR,44.2049,0.6212,,https://api.gbfs.v1.ecovelo.mobi/gbfs/tempovelo,,,True
['Ecovelo'],/v2/networks/semo,semo,semo,Communauté d'agglomération Seine-Eure,FR,49.22,1.17,,https://api.gbfs.v1.ecovelo.mobi/gbfs/semo,,,
['Ecovelo'],/v2/networks/cyclovis,cyclovis,Cyclovis,Soissons,FR,49.3817,3.3236,,https://api.gbfs.v1.ecovelo.mobi/gbfs/cyclovis,,,True
['Ecovelo'],/v2/networks/chantrerie-captainbike,chantrerie-captainbike,Chantrerie VLS (Captain Bike),"La Chantrerie, Nantes",FR,47.2868203,-1.5210917,,https://api.gbfs.v1.ecovelo.mobi/gbfs/chantrerie,,,True
['Ecovelo'],/v2/networks/saclay-captainbike,saclay-captainbike,Saclay VLS (Captain Bike),Paris-Saclay,FR,48.7098082,2.211366,,https://api.gbfs.v1.ecovelo.mobi/gbfs/saclay,,,True
['CIGL ESCH'],/v2/networks/velok,velok,Vël'Ok,Esch-sur-alzette,LU,49.5024,5.9722,https://docs.api.tfl.lu/v1/en/RESTAPIs/BikePoint/,,,,True
['Nextbike GmbH'],/v2/networks/wienmobil-rad,wienmobil-rad,WienMobil Rad,Wien,AT,48.2081743,16.3738189,,,,,
,/v2/networks/bikeverona,bikeverona,Verona Bike,Verona,IT,45.438611,10.992778,,https://gbfs.urbansharing.com/bikeverona.it/gbfs.json,,,
['Nextbike GmbH'],/v2/networks/sprottenflotte-kiel,sprottenflotte-kiel,Sprottenflotte,Kiel,DE,54.2837,10.13213,,,,,
"['TaM', 'Smoove']",/v2/networks/velomagg,velomagg,Vélomagg,Montpellier,FR,43.6119,3.8772,,https://montpellier-fr-smoove.klervi.net/gbfs/gbfs.json,,,
"['Bcycle, LLC', 'RTC Southern Nevada, Inc']",/v2/networks/rtc-bike-share,rtc-bike-share,RTC Bike Share,"Las Vegas, NV",US,36.1438,-115.15682,,https://gbfs.bcycle.com/bcycle_rtcbikeshare/gbfs.json,,,
"['Bcycle, LLC', 'Embark, Inc']",/v2/networks/spokies,spokies,Spokies BCycle,"Oklahoma, OK",US,35.46436,-97.50888,,https://gbfs.bcycle.com/bcycle_spokies/gbfs.json,,,
['Leonbici Nextbike Gmbh Y Autobuses Urbanos De Leon S.a. Ute'],/v2/networks/alsa-nextbike-leon,alsa-nextbike-leon,Alsa nextbike León,León,ES,42.5987263,-5.5670959,,,,,
['Strasbourg Mobilités'],/v2/networks/velhop,velhop,Vélhop,Strasbourg,FR,48.583611,7.748056,,https://transport.data.gouv.fr/gbfs/strasbourg/gbfs.json,,,
,/v2/networks/optymo,optymo,Optymo,Belfort,FR,47.641111,6.849444,,https://belfort-gbfs.klervi.net/gbfs/gbfs.json,,,
['Nextbike GmbH'],/v2/networks/biker-bialystok,biker-bialystok,BIKER Białystok Poland,Białystok,PL,53.1262,23.1427,,,,,
['Nextbike GmbH'],/v2/networks/nextbike-prostejov,nextbike-prostejov,nextbike Prostejov,Prostejov,CZ,49.4722,17.1055,,,,,
['Nextbike GmbH'],/v2/networks/bike-katowice,bike-katowice,Katowice Bike Poland,Katowice,PL,50.2594,19.0215,,,,,
['Nextbike GmbH'],/v2/networks/nextbike-focsani,nextbike-focsani,nextbike Romania,Focșani,RO,45.6947,27.1851,,,,,
['Nextbike GmbH'],/v2/networks/grad-vukovar,grad-vukovar,Grad Vukovar (Croatia),Vukovar,HR,45.3575,18.9895,,,,,
['Nextbike GmbH'],/v2/networks/system-rowerow-miejskich-w-pszczynie-pszczyna,system-rowerow-miejskich-w-pszczynie-pszczyna,System Rowerów Miejskich w Pszczynie Poland,Pszczyna,PL,49.9757,18.9463,,,,,
['Nextbike GmbH'],/v2/networks/tyski-rower-miejski-tychy,tyski-rower-miejski-tychy,Tyski Rower Miejski Poland,Tychy,PL,50.1124,18.9972,,,,,
['Nextbike GmbH'],/v2/networks/czestochowski-rower-miejski-czestochowa,czestochowski-rower-miejski-czestochowa,Częstochowski Rower Miejski Poland,Częstochowa,PL,50.812,19.1375,,,,,
['Nextbike GmbH'],/v2/networks/pruszkowski-rower-miejski-pruszkow,pruszkowski-rower-miejski-pruszkow,Pruszkowski Rower Miejski Poland,Pruszków,PL,52.1622,20.8062,,,,,
['Nextbike GmbH'],/v2/networks/ok-bike-kedzierzyn-kozle,ok-bike-kedzierzyn-kozle,OK Bike Poland,Kędzierzyn-Koźle,PL,50.3392,18.2352,,,,,
['Nextbike GmbH'],/v2/networks/grad-zapresic,grad-zapresic,Grad Zaprešić (Croatia),Zaprešić,HR,45.8622,15.8049,,,,,
['Nextbike GmbH'],/v2/networks/porec-bike-share-porec,porec-bike-share-porec,Porec bike share (Croatia),Poreč,HR,45.2292,13.6035,,,,,
['Nextbike GmbH'],/v2/networks/kaliski-rower-miejski-kalisz,kaliski-rower-miejski-kalisz,Kaliski Rower Miejski Poland,Kalisz,PL,51.7525,18.0341,,,,,
['Nextbike GmbH'],/v2/networks/rower-miejski-w-ostrowie-wielkopolskim-ostrow-wielkopolski,rower-miejski-w-ostrowie-wielkopolskim-ostrow-wielkopolski,Rower Miejski w Ostrowie Wielkopolskim Poland,Ostrów Wielkopolski,PL,51.65,17.8253,,,,,
['Nextbike GmbH'],/v2/networks/santander-brunel,santander-brunel,Santander Cycles - Brunel,Brunel University,GB,51.5463,-0.48048,,,,,
['Nextbike GmbH'],/v2/networks/koszalinski-rower-miejski-koszalin,koszalinski-rower-miejski-koszalin,Koszaliński Rower Miejski Poland,Koszalin,PL,54.2026,16.1678,,,,,
['Nextbike GmbH'],/v2/networks/ki-rower-miejski-sosnowiec,ki-rower-miejski-sosnowiec,Sosnowiecki Rower Miejski Poland,Sosnowiec,PL,50.278,19.1345,,,,,
['Nextbike GmbH'],/v2/networks/pobiedziski-rower-gminny-pobiedziska,pobiedziski-rower-gminny-pobiedziska,Pobiedziski Rower Gminny Poland,Pobiedziska,PL,52.4765,17.2866,,,,,
['Nextbike GmbH'],/v2/networks/siemianowicki-rower-miejski-siemianowice-slaskie,siemianowicki-rower-miejski-siemianowice-slaskie,Siemianowicki Rower Miejski Poland,Siemianowice Śląskie,PL,50.3031,19.0222,,,,,
['Nextbike GmbH'],/v2/networks/piotrkowski-rower-miejski-piotrkow-trybunalski,piotrkowski-rower-miejski-piotrkow-trybunalski,Piotrkowski Rower Miejski Poland,Piotrków Trybunalski,PL,51.3975,19.6779,,,,,
['Nextbike GmbH'],/v2/networks/i-rower-miejski-prm-plock,i-rower-miejski-prm-plock,Płocki Rower Miejski (PRM) Poland,Płock,PL,52.5445,19.7017,,,,,
['Nextbike GmbH'],/v2/networks/plocki-rower-miejski-prm-orlen-plock,plocki-rower-miejski-prm-orlen-plock,Płocki Rower Miejski (PRM) Poland,Orlen Płock,PL,52.5466,19.7047,,,,,
['Nextbike GmbH'],/v2/networks/i-rower-miejski-otwock,i-rower-miejski-otwock,Otwocki Rower Miejski Poland,Otwock,PL,52.1034,21.2692,,,,,
['Nextbike GmbH'],/v2/networks/ciechanowski-rower-miejski-ciechanow,ciechanowski-rower-miejski-ciechanow,Ciechanowski Rower Miejski Poland,Ciechanów,PL,52.8763,20.6102,,,,,
['Nextbike GmbH'],/v2/networks/zyrardowski-rower-miejski-zyrardow,zyrardowski-rower-miejski-zyrardow,Żyrardowski Rower Miejski Poland,Żyrardów,PL,52.0503,20.4464,,,,,
['Nextbike GmbH'],/v2/networks/sap-walldorf,sap-walldorf,SAP Walldorf,Walldorf,DE,49.2945,8.62324,,,,,
['Nextbike GmbH'],/v2/networks/opcina-dugopolje,opcina-dugopolje,Općina Dugopolje (Croatia),Dugopolje,HR,43.5872,16.5879,,,,,
['Nextbike GmbH'],/v2/networks/opcina-pitomaca,opcina-pitomaca,Općina Pitomača (Croatia),Pitomača,HR,45.9077,17.2622,,,,,
['Nextbike GmbH'],/v2/networks/nomago-ljubljana,nomago-ljubljana,Nomago Bikes - LJUBLJANA,Ljubljana,SI,46.0577,14.5013,,,,,
['Nextbike GmbH'],/v2/networks/system-roweru-gminnego-pielgrzymka,system-roweru-gminnego-pielgrzymka,System Roweru Gminnego Poland,Pielgrzymka,PL,51.1185,15.8153,,,,,
['Nextbike GmbH'],/v2/networks/rvk,rvk,RVK,RVK e-Bike,DE,50.7069,6.87607,,,,,
['Nextbike GmbH'],/v2/networks/partnerzy-nextbike-polska-wolt,partnerzy-nextbike-polska-wolt,Partnerzy Nextbike Polska,Wolt,PL,52.2984,21.0498,,,,,
['Nextbike GmbH'],/v2/networks/wupsi,wupsi,wupsiRad Leverkusen,Leverkusen,DE,51.0732,7.00814,,,,,
['Nextbike GmbH'],/v2/networks/lovesharing-canary-islands-gran-canaria,lovesharing-canary-islands-gran-canaria,Lovesharing (Canary Islands),Gran Canaria,ES,27.8154,-15.5182,,,,,
['Nextbike GmbH'],/v2/networks/lovesharing-canary-islands-lanzarote,lovesharing-canary-islands-lanzarote,Lovesharing (Canary Islands),Lanzarote,ES,29.0491,-13.5729,,,,,
['Nextbike GmbH'],/v2/networks/lovesharing-canary-islands-fuerteventura,lovesharing-canary-islands-fuerteventura,Lovesharing (Canary Islands),Fuerteventura,ES,28.3584,-14.064,,,,,
['VAG Verkehrs-Aktiengesellschaft'],/v2/networks/vagrad,vagrad,VAG_Rad,Nürnberg,DE,49.4487,11.0794,,,,,
['Nextbike GmbH'],/v2/networks/grad-split,grad-split,Grad Split (Croatia),Split,HR,43.5162,16.4637,,,,,
['Nextbike GmbH'],/v2/networks/grad-split-solin,grad-split-solin,Grad Split (Croatia),Solin,HR,43.5441,16.4833,,,,,
['Nextbike GmbH'],/v2/networks/grad-split-opcina-klis,grad-split-opcina-klis,Grad Split (Croatia),Općina Klis,HR,43.5605,16.5269,,,,,
['Nextbike GmbH'],/v2/networks/grad-split-opcina-hrvace,grad-split-opcina-hrvace,Grad Split (Croatia),Općina Hrvace,HR,43.7553,16.6197,,,,,
['Nextbike GmbH'],/v2/networks/grad-split-opcina-otok-dalmatinski,grad-split-opcina-otok-dalmatinski,Grad Split (Croatia),Općina Otok Dalmatinski,HR,43.6889,16.7361,,,,,
['Nextbike GmbH'],/v2/networks/grad-split-sinj,grad-split-sinj,Grad Split (Croatia),Sinj,HR,43.7031,16.6364,,,,,
['Nextbike GmbH'],/v2/networks/grad-split-hvar,grad-split-hvar,Grad Split (Croatia),Hvar,HR,43.1882,16.6295,,,,,
['Nextbike GmbH'],/v2/networks/grad-split-podstrana,grad-split-podstrana,Grad Split (Croatia),Podstrana,HR,43.4934,16.5598,,,,,
['Nextbike GmbH'],/v2/networks/grad-split-trogir,grad-split-trogir,Grad Split (Croatia),Trogir,HR,43.5234,16.2476,,,,,
['Nextbike GmbH'],/v2/networks/nextbike-ostrava,nextbike-ostrava,nextbike Ostrava,Ostrava,CZ,49.8344,18.2823,,,,,
['Nextbike GmbH'],/v2/networks/nextbike-ostrava-hlucin,nextbike-ostrava-hlucin,nextbike Ostrava,Hlučín,CZ,49.898,18.1923,,,,,
['Nextbike GmbH'],/v2/networks/nextbike-ostrava-vresina,nextbike-ostrava-vresina,nextbike Ostrava,Vřesina,CZ,49.825,18.1206,,,,,
['Nextbike GmbH'],/v2/networks/ski-rower-miejski-lubon,ski-rower-miejski-lubon,Luboński Rower Miejski Poland,Luboń,PL,52.3461,16.8765,,,,,
['Nextbike GmbH'],/v2/networks/ibizi-ibiza-city,ibizi-ibiza-city,ibizi,Ibiza-City,ES,38.9066,1.42046,,,,,
['Nextbike GmbH'],/v2/networks/sprintrad,sprintrad,sprintRAD,Hannover,DE,52.3721,9.73569,,,,,
['Nextbike GmbH'],/v2/networks/komornicki-system-rowerowy-komorniki,komornicki-system-rowerowy-komorniki,Komornicki System Rowerowy Poland,Komorniki,PL,52.3347,16.8094,,,,,
['Nextbike GmbH'],/v2/networks/nextbike-havirov,nextbike-havirov,nextbike Havířov,Havířov,CZ,49.7799,18.4328,,,,,
['Nextbike GmbH'],/v2/networks/nextbike-berounsko,nextbike-berounsko,nextbike Berounsko,Berounsko,CZ,49.9616,14.064,,,,,
['Nextbike GmbH'],/v2/networks/ready4green-graben,ready4green-graben,Graben - ready4green,Graben,DE,51.1242,10.8984,,,,,
['Nextbike GmbH'],/v2/networks/oleski-rower-miejski-olesno,oleski-rower-miejski-olesno,Oleski Rower Miejski Poland,Olesno,PL,50.8773,18.4212,,,,,
['Nextbike GmbH'],/v2/networks/styr-staell-goeteborg,styr-staell-goeteborg,"Styr & Ställ (Sweden, Göteborg)",Göteborg,SE,57.6902,11.9881,,,,,
['Nextbike GmbH'],/v2/networks/nibelungen-bike-braunschweig,nibelungen-bike-braunschweig,Nibelungen-Bike,Braunschweig,DE,52.2597,10.5307,,,,,
['Nextbike GmbH'],/v2/networks/nextbike-brno,nextbike-brno,nextbike Brno,Brno,CZ,49.1911,16.6148,,,,,
['Nextbike GmbH'],/v2/networks/nextbike-brno-kurim,nextbike-brno-kurim,nextbike Brno,Kuřim,CZ,49.2994,16.5368,,,,,
['Nextbike GmbH'],/v2/networks/nextbike-praha,nextbike-praha,nextbike Praha,Praha,CZ,50.0592,14.5761,,,,,
['Nextbike GmbH'],/v2/networks/nextbike-praha-ricany,nextbike-praha-ricany,nextbike Praha,Říčany,CZ,49.9976,14.6685,,,,,
['Nextbike GmbH'],/v2/networks/nextbike-olomouc,nextbike-olomouc,nextbike Olomouc,Olomouc,CZ,49.5929,17.2459,,,,,
['Nextbike GmbH'],/v2/networks/nextbike-kladno,nextbike-kladno,nextbike Kladno,Kladno,CZ,50.1435,14.1082,,,,,
['Nextbike GmbH'],/v2/networks/nextbike-opava,nextbike-opava,nextbike Opava,Opava,CZ,49.9289,18.2634,,,,,
['Nextbike GmbH'],/v2/networks/nextbike-bielefeld,nextbike-bielefeld,meinSiggi,Bielefeld,DE,52.0257,8.53286,,,,,
['Nextbike GmbH'],/v2/networks/yoy-san-luis-potosi,yoy-san-luis-potosi,YOY - San Luis Potosi,San Luis Potosi,MX,22.438,-100.514,,,,,
['Nextbike GmbH'],/v2/networks/yoy-san-luis-potosi-cancun,yoy-san-luis-potosi-cancun,YOY - San Luis Potosi,Cancún,MX,21.1675,-86.8498,,,,,
['Nextbike GmbH'],/v2/networks/bergisches-e-bike,bergisches-e-bike,Bergisches e-Bike,Bergisches e-Bike,DE,51.0192,7.18025,,,,,
['Nextbike GmbH'],/v2/networks/nextbike-pardubice,nextbike-pardubice,nextbike Pardubice,Pardubice,CZ,50.0343,15.7812,,,,,
['Nextbike GmbH'],/v2/networks/nextbike-hradec-kralove,nextbike-hradec-kralove,nextbike Hradec Králové,Hradec Králové,CZ,50.2079,15.8334,,,,,
['Nextbike GmbH'],/v2/networks/nextbike-mladoboleslavsko-mlada-boleslav,nextbike-mladoboleslavsko-mlada-boleslav,nextbike Mladoboleslavsko,Mladá Boleslav,CZ,50.4278,14.8999,,,,,
['Nextbike GmbH'],/v2/networks/nextbike-mladoboleslavsko-mnichovo-hradiste,nextbike-mladoboleslavsko-mnichovo-hradiste,nextbike Mladoboleslavsko,Mnichovo Hradiště,CZ,50.5218,14.9741,,,,,
['Nextbike GmbH'],/v2/networks/oeynrad-bad-oeynhausen,oeynrad-bad-oeynhausen,Oeynrad,Bad Oeynhausen,DE,52.2051,8.80074,,,,,
['Nextbike GmbH'],/v2/networks/rsvg-bike,rsvg-bike,RSVG-Bike,RSVG,DE,50.7669,7.37457,,,,,
['Nextbike GmbH'],/v2/networks/citybikelinz,citybikelinz,city bike Linz,Linz,AT,48.3003,14.2843,,,,,
['Nextbike GmbH'],/v2/networks/velopark-drobeta,velopark-drobeta,Drobeta Velopark,Drobeta,RO,44.6326,22.6564,,,,,
['Nextbike GmbH'],/v2/networks/nomago-gorica,nomago-gorica,Nomago Bikes - GO2GO,Nova Gorica,SI,45.9576,13.6406,,,,,
['Nextbike GmbH'],/v2/networks/saturn,saturn,Saturn,Saturn,RO,43.82,28.7445,,,,,
['Nextbike GmbH'],/v2/networks/nextbike-frydek-mistek,nextbike-frydek-mistek,nextbike Frýdek-Místek,Frýdek-Místek,CZ,49.6832,18.3457,,,,,
['Nextbike GmbH'],/v2/networks/nextbike-uherske-hradiste,nextbike-uherske-hradiste,nextbike Uherské Hradiště,Uherské Hradiště,CZ,49.0678,17.4665,,,,,
['Nextbike GmbH'],/v2/networks/nextbike-zlin,nextbike-zlin,nextbike Zlín,Zlín,CZ,49.238,17.6788,,,,,
['Nextbike GmbH'],/v2/networks/nextbike-krnov,nextbike-krnov,nextbike Krnov,Krnov,CZ,50.0703,17.8837,,,,,
['Nextbike GmbH'],/v2/networks/eifel,eifel,Eifel e-Bike,Eifel e-Bike,DE,50.5771,6.64673,,,,,
['Nextbike GmbH'],/v2/networks/nextbike-rychnovsko,nextbike-rychnovsko,nextbike Rychnovsko,Rychnovsko,CZ,50.1668,16.2828,,,,,
['Nextbike GmbH'],/v2/networks/nextbike-pisek,nextbike-pisek,nextbike Písek,Písek,CZ,49.3051,14.1463,,,,,
['Nextbike GmbH'],/v2/networks/nextbike-jihlava,nextbike-jihlava,nextbike Jihlava,Jihlava,CZ,49.4078,15.6061,,,,,
['Nextbike GmbH'],/v2/networks/nomago-zanaprej,nomago-zanaprej,Nomago Bikes - ZANAPREJ,Zagorje ob Savi,SI,46.1392,14.9785,,,,,
['Nextbike GmbH'],/v2/networks/rower-powiatowy-sokolow-podlaski,rower-powiatowy-sokolow-podlaski,Rower Powiatowy Sokołów Podlaski,Sokołów Podlaski,PL,52.4082,22.2525,,,,,
['Nextbike GmbH'],/v2/networks/nextbike-bergamo,nextbike-bergamo,nextbike Bergamo,Bergamo,IT,45.6986,9.67567,,,,,
['Nextbike GmbH'],/v2/networks/emobi-osijek,emobi-osijek,eMobi (Croatia),Osijek,HR,45.554,18.6943,,,,,
['Nextbike GmbH'],/v2/networks/arval-scandicci,arval-scandicci,ARVAL,Scandicci,IT,43.7701,11.1592,,,,,
['Bremer Tageszeitungen AG'],/v2/networks/nextbike-oldenburg,nextbike-oldenburg,OLi-Bike,Oldenburg,DE,53.1448,8.22485,,,,,
['Nextbike GmbH'],/v2/networks/nextbike-urdaibai,nextbike-urdaibai,BBK Klimabizi,Urdaibai,ES,43.395,-2.68815,,,,,
['Nextbike GmbH'],/v2/networks/mvrad-hq,mvrad-hq,MV-Rad,MV-Rad,DE,53.6707,12.4255,,,,,
['Nextbike GmbH'],/v2/networks/mvrad-anklam,mvrad-anklam,MV-Rad,Anklam,DE,53.8614,13.6907,,,,,
['Nextbike GmbH'],/v2/networks/greifswald,greifswald,StadtRad Greifswald,Greifswald (StadtRad),DE,54.0961,13.3787,,,,,
['Nextbike GmbH'],/v2/networks/nextbike-dvur-kralove,nextbike-dvur-kralove,nextbike Dvůr Králové,Dvůr Králové,CZ,50.4278,15.8162,,,,,
['Nextbike GmbH'],/v2/networks/vvtregiorad-kufstein,vvtregiorad-kufstein,VVT REGIORAD Tirol,Kufstein,AT,47.583,12.1692,,,,,
['Nextbike GmbH'],/v2/networks/vvtregiorad-ellmau,vvtregiorad-ellmau,VVT REGIORAD Tirol,Ellmau,AT,47.5134,12.3025,,,,,
['Nextbike GmbH'],/v2/networks/ski-rower-chelm,ski-rower-chelm,Chełmski Rower,Chełm,PL,51.1318,23.4755,,,,,
['Nextbike GmbH'],/v2/networks/nextbike-vrchlabi,nextbike-vrchlabi,nextbike Vrchlabí,Vrchlabí,CZ,50.6222,15.6126,,,,,
['Nextbike GmbH'],/v2/networks/winsenrad,winsenrad,WinsenRad,Winsen (Luhe),DE,53.3547,10.2067,,,,,
['Nextbike GmbH'],/v2/networks/loker-lomza,loker-lomza,ŁoKeR - Łomża,Łomża,PL,53.1649,22.0729,,,,,
['Nextbike GmbH'],/v2/networks/nomago-kranjska-gora,nomago-kranjska-gora,Nomago Bikes - KRANJSKA GORA,Kranjska Gora,SI,46.4846,13.7836,,,,,
['Nextbike GmbH'],/v2/networks/nomago-portoroz,nomago-portoroz,Nomago Bikes - PORTOROZ,Portorož,SI,45.5054,13.5979,,,,,
['Nextbike GmbH'],/v2/networks/vrn-landau,vrn-landau,VRN,Landau in der Pfalz,DE,49.1975,8.11693,,,,,
,/v2/networks/velocity-aachen,velocity-aachen,Velocity,Aachen,DE,50.776667,6.083611,,https://nitro.openvelo.org/aachen/velocity/v2/gbfs.json,,,
,/v2/networks/avelo-quebec,avelo-quebec,àVélo,Québec,CA,46.81305,-71.2168,,https://quebec.publicbikesystem.net/customer/gbfs/v2/gbfs.json,,,
,/v2/networks/acces-velo-saguenay,acces-velo-saguenay,Accès Vélo,Saguenay,CA,48.433333,-71.083333,,https://saguenay.publicbikesystem.net/customer/gbfs/v2/gbfs.json,,,
"['Vilvolt CA Épinal', ""Communauté d'agglomération Épinal"", 'Fifteen SAS']",/v2/networks/vilvolt,vilvolt,Vilvolt,Epinal,FR,48.1833,6.4508,,,,,
"['VeloBaie', 'Fifteen SAS']",/v2/networks/velobaie,velobaie,VeloBaie,Saint-Brieuc,FR,48.514,-2.765,,,,,
['Donkey Republic'],/v2/networks/donkey-gh,donkey-gh,Donkey Republic - Gent,Gent,BE,51.05,3.7303,,https://stables.donkey.bike/api/public/gbfs/donkey_gh/gbfs,,,
['JCDecaux'],/v2/networks/mbajk,mbajk,MBajk,Maribor,SI,46.5547,15.6459,https://developer.jcdecaux.com,,Open Licence,https://developer.jcdecaux.com/#/opendata/licence,
