POI_category_name,POI_category_ID,station_id,station_name,POI_id,POI_alias,POI_name,image_url,is_closed,url,review_count,rating,price,phone,display_phone,distance,categories_alias,categories_title
EV Charging Station,19006,7a19c49f486d7c0c02b3685d7b240448,10th & Cambie,7O5vVZBdKFcIH6LCQqD3Kw,elworthy-electrical-services-burnaby,Elworthy Electrical Services,https://s3-media2.fl.yelpcdn.com/bphoto/S1sgjLVSRJNooUaxQOXQnQ/o.jpg,False,https://www.yelp.com/biz/elworthy-electrical-services-burnaby?adjust_creative=NIcD8b9uXX3kw0W6kNfMVw&utm_campaign=yelp_api_v3&utm_medium=api_v3_business_search&utm_source=NIcD8b9uXX3kw0W6kNfMVw,1,5.0,,+16042994341,+1 604-299-4341,12862.460680400322,contractors,General Contractors
EV Charging Station,19006,7a19c49f486d7c0c02b3685d7b240448,10th & Cambie,7O5vVZBdKFcIH6LCQqD3Kw,elworthy-electrical-services-burnaby,Elworthy Electrical Services,https://s3-media2.fl.yelpcdn.com/bphoto/S1sgjLVSRJNooUaxQOXQnQ/o.jpg,False,https://www.yelp.com/biz/elworthy-electrical-services-burnaby?adjust_creative=NIcD8b9uXX3kw0W6kNfMVw&utm_campaign=yelp_api_v3&utm_medium=api_v3_business_search&utm_source=NIcD8b9uXX3kw0W6kNfMVw,1,5.0,,+16042994341,+1 604-299-4341,12862.460680400322,electricians,Electricians
EV Charging Station,19006,7a19c49f486d7c0c02b3685d7b240448,10th & Cambie,7O5vVZBdKFcIH6LCQqD3Kw,elworthy-electrical-services-burnaby,Elworthy Electrical Services,https://s3-media2.fl.yelpcdn.com/bphoto/S1sgjLVSRJNooUaxQOXQnQ/o.jpg,False,https://www.yelp.com/biz/elworthy-electrical-services-burnaby?adjust_creative=NIcD8b9uXX3kw0W6kNfMVw&utm_campaign=yelp_api_v3&utm_medium=api_v3_business_search&utm_source=NIcD8b9uXX3kw0W6kNfMVw,1,5.0,,+16042994341,+1 604-299-4341,12862.460680400322,evchargingstations,EV Charging Stations
EV Charging Station,19006,66f873d641d448bd1572ab086665a458,12th & Yukon (City Hall),7O5vVZBdKFcIH6LCQqD3Kw,elworthy-electrical-services-burnaby,Elworthy Electrical Services,https://s3-media2.fl.yelpcdn.com/bphoto/S1sgjLVSRJNooUaxQOXQnQ/o.jpg,False,https://www.yelp.com/biz/elworthy-electrical-services-burnaby?adjust_creative=NIcD8b9uXX3kw0W6kNfMVw&utm_campaign=yelp_api_v3&utm_medium=api_v3_business_search&utm_source=NIcD8b9uXX3kw0W6kNfMVw,1,5.0,,+16042994341,+1 604-299-4341,12789.373962467658,contractors,General Contractors
EV Charging Station,19006,66f873d641d448bd1572ab086665a458,12th & Yukon (City Hall),7O5vVZBdKFcIH6LCQqD3Kw,elworthy-electrical-services-burnaby,Elworthy Electrical Services,https://s3-media2.fl.yelpcdn.com/bphoto/S1sgjLVSRJNooUaxQOXQnQ/o.jpg,False,https://www.yelp.com/biz/elworthy-electrical-services-burnaby?adjust_creative=NIcD8b9uXX3kw0W6kNfMVw&utm_campaign=yelp_api_v3&utm_medium=api_v3_business_search&utm_source=NIcD8b9uXX3kw0W6kNfMVw,1,5.0,,+16042994341,+1 604-299-4341,12789.373962467658,electricians,Electricians
EV Charging Station,19006,66f873d641d448bd1572ab086665a458,12th & Yukon (City Hall),7O5vVZBdKFcIH6LCQqD3Kw,elworthy-electrical-services-burnaby,Elworthy Electrical Services,https://s3-media2.fl.yelpcdn.com/bphoto/S1sgjLVSRJNooUaxQOXQnQ/o.jpg,False,https://www.yelp.com/biz/elworthy-electrical-services-burnaby?adjust_creative=NIcD8b9uXX3kw0W6kNfMVw&utm_campaign=yelp_api_v3&utm_medium=api_v3_business_search&utm_source=NIcD8b9uXX3kw0W6kNfMVw,1,5.0,,+16042994341,+1 604-299-4341,12789.373962467658,evchargingstations,EV Charging Stations
EV Charging Station,19006,485d4d24c803cfde829ab89699fed833,8th & Ash,7O5vVZBdKFcIH6LCQqD3Kw,elworthy-electrical-services-burnaby,Elworthy Electrical Services,https://s3-media2.fl.yelpcdn.com/bphoto/S1sgjLVSRJNooUaxQOXQnQ/o.jpg,False,https://www.yelp.com/biz/elworthy-electrical-services-burnaby?adjust_creative=NIcD8b9uXX3kw0W6kNfMVw&utm_campaign=yelp_api_v3&utm_medium=api_v3_business_search&utm_source=NIcD8b9uXX3kw0W6kNfMVw,1,5.0,,+16042994341,+1 604-299-4341,13117.495178995052,contractors,General Contractors
EV Charging Station,19006,485d4d24c803cfde829ab89699fed833,8th & Ash,7O5vVZBdKFcIH6LCQqD3Kw,elworthy-electrical-services-burnaby,Elworthy Electrical Services,https://s3-media2.fl.yelpcdn.com/bphoto/S1sgjLVSRJNooUaxQOXQnQ/o.jpg,False,https://www.yelp.com/biz/elworthy-electrical-services-burnaby?adjust_creative=NIcD8b9uXX3kw0W6kNfMVw&utm_campaign=yelp_api_v3&utm_medium=api_v3_business_search&utm_source=NIcD8b9uXX3kw0W6kNfMVw,1,5.0,,+16042994341,+1 604-299-4341,13117.495178995052,electricians,Electricians
EV Charging Station,19006,485d4d24c803cfde829ab89699fed833,8th & Ash,7O5vVZBdKFcIH6LCQqD3Kw,elworthy-electrical-services-burnaby,Elworthy Electrical Services,https://s3-media2.fl.yelpcdn.com/bphoto/S1sgjLVSRJNooUaxQOXQnQ/o.jpg,False,https://www.yelp.com/biz/elworthy-electrical-services-burnaby?adjust_creative=NIcD8b9uXX3kw0W6kNfMVw&utm_campaign=yelp_api_v3&utm_medium=api_v3_business_search&utm_source=NIcD8b9uXX3kw0W6kNfMVw,1,5.0,,+16042994341,+1 604-299-4341,13117.495178995052,evchargingstations,EV Charging Stations
EV Charging Station,19006,b07d513f87897cff7319a0e59d7e567c,Spyglass & Seawall,7O5vVZBdKFcIH6LCQqD3Kw,elworthy-electrical-services-burnaby,Elworthy Electrical Services,https://s3-media2.fl.yelpcdn.com/bphoto/S1sgjLVSRJNooUaxQOXQnQ/o.jpg,False,https://www.yelp.com/biz/elworthy-electrical-services-burnaby?adjust_creative=NIcD8b9uXX3kw0W6kNfMVw&utm_campaign=yelp_api_v3&utm_medium=api_v3_business_search&utm_source=NIcD8b9uXX3kw0W6kNfMVw,1,5.0,,+16042994341,+1 604-299-4341,12991.468158005191,contractors,General Contractors
EV Charging Station,19006,b07d513f87897cff7319a0e59d7e567c,Spyglass & Seawall,7O5vVZBdKFcIH6LCQqD3Kw,elworthy-electrical-services-burnaby,Elworthy Electrical Services,https://s3-media2.fl.yelpcdn.com/bphoto/S1sgjLVSRJNooUaxQOXQnQ/o.jpg,False,https://www.yelp.com/biz/elworthy-electrical-services-burnaby?adjust_creative=NIcD8b9uXX3kw0W6kNfMVw&utm_campaign=yelp_api_v3&utm_medium=api_v3_business_search&utm_source=NIcD8b9uXX3kw0W6kNfMVw,1,5.0,,+16042994341,+1 604-299-4341,12991.468158005191,electricians,Electricians
EV Charging Station,19006,b07d513f87897cff7319a0e59d7e567c,Spyglass & Seawall,7O5vVZBdKFcIH6LCQqD3Kw,elworthy-electrical-services-burnaby,Elworthy Electrical Services,https://s3-media2.fl.yelpcdn.com/bphoto/S1sgjLVSRJNooUaxQOXQnQ/o.jpg,False,https://www.yelp.com/biz/elworthy-electrical-services-burnaby?adjust_creative=NIcD8b9uXX3kw0W6kNfMVw&utm_campaign=yelp_api_v3&utm_medium=api_v3_business_search&utm_source=NIcD8b9uXX3kw0W6kNfMVw,1,5.0,,+16042994341,+1 604-299-4341,12991.468158005191,evchargingstations,EV Charging Stations
EV Charging Station,19006,d1c9556d92f329703229fb3e33899a3b,Stamps Landing,7O5vVZBdKFcIH6LCQqD3Kw,elworthy-electrical-services-burnaby,Elworthy Electrical Services,https://s3-media2.fl.yelpcdn.com/bphoto/S1sgjLVSRJNooUaxQOXQnQ/o.jpg,False,https://www.yelp.com/biz/elworthy-electrical-services-burnaby?adjust_creative=NIcD8b9uXX3kw0W6kNfMVw&utm_campaign=yelp_api_v3&utm_medium=api_v3_business_search&utm_source=NIcD8b9uXX3kw0W6kNfMVw,1,5.0,,+16042994341,+1 604-299-4341,13185.954558703586,contractors,General Contractors
EV Charging Station,19006,d1c9556d92f329703229fb3e33899a3b,Stamps Landing,7O5vVZBdKFcIH6LCQqD3Kw,elworthy-electrical-services-burnaby,Elworthy Electrical Services,https://s3-media2.fl.yelpcdn.com/bphoto/S1sgjLVSRJNooUaxQOXQnQ/o.jpg,False,https://www.yelp.com/biz/elworthy-electrical-services-burnaby?adjust_creative=NIcD8b9uXX3kw0W6kNfMVw&utm_campaign=yelp_api_v3&utm_medium=api_v3_business_search&utm_source=NIcD8b9uXX3kw0W6kNfMVw,1,5.0,,+16042994341,+1 604-299-4341,13185.954558703586,electricians,Electricians
EV Charging Station,19006,d1c9556d92f329703229fb3e33899a3b,Stamps Landing,7O5vVZBdKFcIH6LCQqD3Kw,elworthy-electrical-services-burnaby,Elworthy Electrical Services,https://s3-media2.fl.yelpcdn.com/bphoto/S1sgjLVSRJNooUaxQOXQnQ/o.jpg,False,https://www.yelp.com/biz/elworthy-electrical-services-burnaby?adjust_creative=NIcD8b9uXX3kw0W6kNfMVw&utm_campaign=yelp_api_v3&utm_medium=api_v3_business_search&utm_source=NIcD8b9uXX3kw0W6kNfMVw,1,5.0,,+16042994341,+1 604-299-4341,13185.954558703586,evchargingstations,EV Charging Stations
EV Charging Station,19006,95e624191c655f50e401d280cd39a9ad,Ontario & Seawall,7O5vVZBdKFcIH6LCQqD3Kw,elworthy-electrical-services-burnaby,Elworthy Electrical Services,https://s3-media2.fl.yelpcdn.com/bphoto/S1sgjLVSRJNooUaxQOXQnQ/o.jpg,False,https://www.yelp.com/biz/elworthy-electrical-services-burnaby?adjust_creative=NIcD8b9uXX3kw0W6kNfMVw&utm_campaign=yelp_api_v3&utm_medium=api_v3_business_search&utm_source=NIcD8b9uXX3kw0W6kNfMVw,1,5.0,,+16042994341,+1 604-299-4341,12219.191461245,contractors,General Contractors
EV Charging Station,19006,95e624191c655f50e401d280cd39a9ad,Ontario & Seawall,7O5vVZBdKFcIH6LCQqD3Kw,elworthy-electrical-services-burnaby,Elworthy Electrical Services,https://s3-media2.fl.yelpcdn.com/bphoto/S1sgjLVSRJNooUaxQOXQnQ/o.jpg,False,https://www.yelp.com/biz/elworthy-electrical-services-burnaby?adjust_creative=NIcD8b9uXX3kw0W6kNfMVw&utm_campaign=yelp_api_v3&utm_medium=api_v3_business_search&utm_source=NIcD8b9uXX3kw0W6kNfMVw,1,5.0,,+16042994341,+1 604-299-4341,12219.191461245,electricians,Electricians
EV Charging Station,19006,95e624191c655f50e401d280cd39a9ad,Ontario & Seawall,7O5vVZBdKFcIH6LCQqD3Kw,elworthy-electrical-services-burnaby,Elworthy Electrical Services,https://s3-media2.fl.yelpcdn.com/bphoto/S1sgjLVSRJNooUaxQOXQnQ/o.jpg,False,https://www.yelp.com/biz/elworthy-electrical-services-burnaby?adjust_creative=NIcD8b9uXX3kw0W6kNfMVw&utm_campaign=yelp_api_v3&utm_medium=api_v3_business_search&utm_source=NIcD8b9uXX3kw0W6kNfMVw,1,5.0,,+16042994341,+1 604-299-4341,12219.191461245,evchargingstations,EV Charging Stations
EV Charging Station,19006,686c0fdb962e26e274d81fc286c010dd,14th & Cambie,7O5vVZBdKFcIH6LCQqD3Kw,elworthy-electrical-services-burnaby,Elworthy Electrical Services,https://s3-media2.fl.yelpcdn.com/bphoto/S1sgjLVSRJNooUaxQOXQnQ/o.jpg,False,https://www.yelp.com/biz/elworthy-electrical-services-burnaby?adjust_creative=NIcD8b9uXX3kw0W6kNfMVw&utm_campaign=yelp_api_v3&utm_medium=api_v3_business_search&utm_source=NIcD8b9uXX3kw0W6kNfMVw,1,5.0,,+16042994341,+1 604-299-4341,12921.54195027332,contractors,General Contractors
EV Charging Station,19006,686c0fdb962e26e274d81fc286c010dd,14th & Cambie,7O5vVZBdKFcIH6LCQqD3Kw,elworthy-electrical-services-burnaby,Elworthy Electrical Services,https://s3-media2.fl.yelpcdn.com/bphoto/S1sgjLVSRJNooUaxQOXQnQ/o.jpg,False,https://www.yelp.com/biz/elworthy-electrical-services-burnaby?adjust_creative=NIcD8b9uXX3kw0W6kNfMVw&utm_campaign=yelp_api_v3&utm_medium=api_v3_business_search&utm_source=NIcD8b9uXX3kw0W6kNfMVw,1,5.0,,+16042994341,+1 604-299-4341,12921.54195027332,electricians,Electricians
EV Charging Station,19006,686c0fdb962e26e274d81fc286c010dd,14th & Cambie,7O5vVZBdKFcIH6LCQqD3Kw,elworthy-electrical-services-burnaby,Elworthy Electrical Services,https://s3-media2.fl.yelpcdn.com/bphoto/S1sgjLVSRJNooUaxQOXQnQ/o.jpg,False,https://www.yelp.com/biz/elworthy-electrical-services-burnaby?adjust_creative=NIcD8b9uXX3kw0W6kNfMVw&utm_campaign=yelp_api_v3&utm_medium=api_v3_business_search&utm_source=NIcD8b9uXX3kw0W6kNfMVw,1,5.0,,+16042994341,+1 604-299-4341,12921.54195027332,evchargingstations,EV Charging Stations
EV Charging Station,19006,0cf6cd1809fa7f510812f5b052f578c4,Ontario & 5th,7O5vVZBdKFcIH6LCQqD3Kw,elworthy-electrical-services-burnaby,Elworthy Electrical Services,https://s3-media2.fl.yelpcdn.com/bphoto/S1sgjLVSRJNooUaxQOXQnQ/o.jpg,False,https://www.yelp.com/biz/elworthy-electrical-services-burnaby?adjust_creative=NIcD8b9uXX3kw0W6kNfMVw&utm_campaign=yelp_api_v3&utm_medium=api_v3_business_search&utm_source=NIcD8b9uXX3kw0W6kNfMVw,1,5.0,,+16042994341,+1 604-299-4341,12201.555826512778,contractors,General Contractors
EV Charging Station,19006,0cf6cd1809fa7f510812f5b052f578c4,Ontario & 5th,7O5vVZBdKFcIH6LCQqD3Kw,elworthy-electrical-services-burnaby,Elworthy Electrical Services,https://s3-media2.fl.yelpcdn.com/bphoto/S1sgjLVSRJNooUaxQOXQnQ/o.jpg,False,https://www.yelp.com/biz/elworthy-electrical-services-burnaby?adjust_creative=NIcD8b9uXX3kw0W6kNfMVw&utm_campaign=yelp_api_v3&utm_medium=api_v3_business_search&utm_source=NIcD8b9uXX3kw0W6kNfMVw,1,5.0,,+16042994341,+1 604-299-4341,12201.555826512778,electricians,Electricians
EV Charging Station,19006,0cf6cd1809fa7f510812f5b052f578c4,Ontario & 5th,7O5vVZBdKFcIH6LCQqD3Kw,elworthy-electrical-services-burnaby,Elworthy Electrical Services,https://s3-media2.fl.yelpcdn.com/bphoto/S1sgjLVSRJNooUaxQOXQnQ/o.jpg,False,https://www.yelp.com/biz/elworthy-electrical-services-burnaby?adjust_creative=NIcD8b9uXX3kw0W6kNfMVw&utm_campaign=yelp_api_v3&utm_medium=api_v3_business_search&utm_source=NIcD8b9uXX3kw0W6kNfMVw,1,5.0,,+16042994341,+1 604-299-4341,12201.555826512778,evchargingstations,EV Charging Stations
EV Charging Station,19006,fbb4c06b719596c21f91fd51ef6d4710,7th & Heather,7O5vVZBdKFcIH6LCQqD3Kw,elworthy-electrical-services-burnaby,Elworthy Electrical Services,https://s3-media2.fl.yelpcdn.com/bphoto/S1sgjLVSRJNooUaxQOXQnQ/o.jpg,False,https://www.yelp.com/biz/elworthy-electrical-services-burnaby?adjust_creative=NIcD8b9uXX3kw0W6kNfMVw&utm_campaign=yelp_api_v3&utm_medium=api_v3_business_search&utm_source=NIcD8b9uXX3kw0W6kNfMVw,1,5.0,,+16042994341,+1 604-299-4341,13243.48633222929,contractors,General Contractors
EV Charging Station,19006,fbb4c06b719596c21f91fd51ef6d4710,7th & Heather,7O5vVZBdKFcIH6LCQqD3Kw,elworthy-electrical-services-burnaby,Elworthy Electrical Services,https://s3-media2.fl.yelpcdn.com/bphoto/S1sgjLVSRJNooUaxQOXQnQ/o.jpg,False,https://www.yelp.com/biz/elworthy-electrical-services-burnaby?adjust_creative=NIcD8b9uXX3kw0W6kNfMVw&utm_campaign=yelp_api_v3&utm_medium=api_v3_business_search&utm_source=NIcD8b9uXX3kw0W6kNfMVw,1,5.0,,+16042994341,+1 604-299-4341,13243.48633222929,electricians,Electricians
EV Charging Station,19006,fbb4c06b719596c21f91fd51ef6d4710,7th & Heather,7O5vVZBdKFcIH6LCQqD3Kw,elworthy-electrical-services-burnaby,Elworthy Electrical Services,https://s3-media2.fl.yelpcdn.com/bphoto/S1sgjLVSRJNooUaxQOXQnQ/o.jpg,False,https://www.yelp.com/biz/elworthy-electrical-services-burnaby?adjust_creative=NIcD8b9uXX3kw0W6kNfMVw&utm_campaign=yelp_api_v3&utm_medium=api_v3_business_search&utm_source=NIcD8b9uXX3kw0W6kNfMVw,1,5.0,,+16042994341,+1 604-299-4341,13243.48633222929,evchargingstations,EV Charging Stations
EV Charging Station,19006,625a2ad202275c8e2be3ce868e85b105,Heather & 14th,7O5vVZBdKFcIH6LCQqD3Kw,elworthy-electrical-services-burnaby,Elworthy Electrical Services,https://s3-media2.fl.yelpcdn.com/bphoto/S1sgjLVSRJNooUaxQOXQnQ/o.jpg,False,https://www.yelp.com/biz/elworthy-electrical-services-burnaby?adjust_creative=NIcD8b9uXX3kw0W6kNfMVw&utm_campaign=yelp_api_v3&utm_medium=api_v3_business_search&utm_source=NIcD8b9uXX3kw0W6kNfMVw,1,5.0,,+16042994341,+1 604-299-4341,13265.834851150194,contractors,General Contractors
EV Charging Station,19006,625a2ad202275c8e2be3ce868e85b105,Heather & 14th,7O5vVZBdKFcIH6LCQqD3Kw,elworthy-electrical-services-burnaby,Elworthy Electrical Services,https://s3-media2.fl.yelpcdn.com/bphoto/S1sgjLVSRJNooUaxQOXQnQ/o.jpg,False,https://www.yelp.com/biz/elworthy-electrical-services-burnaby?adjust_creative=NIcD8b9uXX3kw0W6kNfMVw&utm_campaign=yelp_api_v3&utm_medium=api_v3_business_search&utm_source=NIcD8b9uXX3kw0W6kNfMVw,1,5.0,,+16042994341,+1 604-299-4341,13265.834851150194,electricians,Electricians
EV Charging Station,19006,625a2ad202275c8e2be3ce868e85b105,Heather & 14th,7O5vVZBdKFcIH6LCQqD3Kw,elworthy-electrical-services-burnaby,Elworthy Electrical Services,https://s3-media2.fl.yelpcdn.com/bphoto/S1sgjLVSRJNooUaxQOXQnQ/o.jpg,False,https://www.yelp.com/biz/elworthy-electrical-services-burnaby?adjust_creative=NIcD8b9uXX3kw0W6kNfMVw&utm_campaign=yelp_api_v3&utm_medium=api_v3_business_search&utm_source=NIcD8b9uXX3kw0W6kNfMVw,1,5.0,,+16042994341,+1 604-299-4341,13265.834851150194,evchargingstations,EV Charging Stations
EV Charging Station,19006,6c0de983fb47a3439a9e3c36a3d15804,8th & Ontario,7O5vVZBdKFcIH6LCQqD3Kw,elworthy-electrical-services-burnaby,Elworthy Electrical Services,https://s3-media2.fl.yelpcdn.com/bphoto/S1sgjLVSRJNooUaxQOXQnQ/o.jpg,False,https://www.yelp.com/biz/elworthy-electrical-services-burnaby?adjust_creative=NIcD8b9uXX3kw0W6kNfMVw&utm_campaign=yelp_api_v3&utm_medium=api_v3_business_search&utm_source=NIcD8b9uXX3kw0W6kNfMVw,1,5.0,,+16042994341,+1 604-299-4341,12202.429809877522,contractors,General Contractors
EV Charging Station,19006,6c0de983fb47a3439a9e3c36a3d15804,8th & Ontario,7O5vVZBdKFcIH6LCQqD3Kw,elworthy-electrical-services-burnaby,Elworthy Electrical Services,https://s3-media2.fl.yelpcdn.com/bphoto/S1sgjLVSRJNooUaxQOXQnQ/o.jpg,False,https://www.yelp.com/biz/elworthy-electrical-services-burnaby?adjust_creative=NIcD8b9uXX3kw0W6kNfMVw&utm_campaign=yelp_api_v3&utm_medium=api_v3_business_search&utm_source=NIcD8b9uXX3kw0W6kNfMVw,1,5.0,,+16042994341,+1 604-299-4341,12202.429809877522,electricians,Electricians
EV Charging Station,19006,6c0de983fb47a3439a9e3c36a3d15804,8th & Ontario,7O5vVZBdKFcIH6LCQqD3Kw,elworthy-electrical-services-burnaby,Elworthy Electrical Services,https://s3-media2.fl.yelpcdn.com/bphoto/S1sgjLVSRJNooUaxQOXQnQ/o.jpg,False,https://www.yelp.com/biz/elworthy-electrical-services-burnaby?adjust_creative=NIcD8b9uXX3kw0W6kNfMVw&utm_campaign=yelp_api_v3&utm_medium=api_v3_business_search&utm_source=NIcD8b9uXX3kw0W6kNfMVw,1,5.0,,+16042994341,+1 604-299-4341,12202.429809877522,evchargingstations,EV Charging Stations
EV Charging Station,19006,4cb84c9a3743287019ae00ceef9a1cd3,10th & Oak,7O5vVZBdKFcIH6LCQqD3Kw,elworthy-electrical-services-burnaby,Elworthy Electrical Services,https://s3-media2.fl.yelpcdn.com/bphoto/S1sgjLVSRJNooUaxQOXQnQ/o.jpg,False,https://www.yelp.com/biz/elworthy-electrical-services-burnaby?adjust_creative=NIcD8b9uXX3kw0W6kNfMVw&utm_campaign=yelp_api_v3&utm_medium=api_v3_business_search&utm_source=NIcD8b9uXX3kw0W6kNfMVw,1,5.0,,+16042994341,+1 604-299-4341,13718.138931108875,contractors,General Contractors
EV Charging Station,19006,4cb84c9a3743287019ae00ceef9a1cd3,10th & Oak,7O5vVZBdKFcIH6LCQqD3Kw,elworthy-electrical-services-burnaby,Elworthy Electrical Services,https://s3-media2.fl.yelpcdn.com/bphoto/S1sgjLVSRJNooUaxQOXQnQ/o.jpg,False,https://www.yelp.com/biz/elworthy-electrical-services-burnaby?adjust_creative=NIcD8b9uXX3kw0W6kNfMVw&utm_campaign=yelp_api_v3&utm_medium=api_v3_business_search&utm_source=NIcD8b9uXX3kw0W6kNfMVw,1,5.0,,+16042994341,+1 604-299-4341,13718.138931108875,electricians,Electricians
EV Charging Station,19006,4cb84c9a3743287019ae00ceef9a1cd3,10th & Oak,7O5vVZBdKFcIH6LCQqD3Kw,elworthy-electrical-services-burnaby,Elworthy Electrical Services,https://s3-media2.fl.yelpcdn.com/bphoto/S1sgjLVSRJNooUaxQOXQnQ/o.jpg,False,https://www.yelp.com/biz/elworthy-electrical-services-burnaby?adjust_creative=NIcD8b9uXX3kw0W6kNfMVw&utm_campaign=yelp_api_v3&utm_medium=api_v3_business_search&utm_source=NIcD8b9uXX3kw0W6kNfMVw,1,5.0,,+16042994341,+1 604-299-4341,13718.138931108875,evchargingstations,EV Charging Stations
EV Charging Station,19006,0d1b5c62f8d22e3650811df55596e25b,Heather & 16th,7O5vVZBdKFcIH6LCQqD3Kw,elworthy-electrical-services-burnaby,Elworthy Electrical Services,https://s3-media2.fl.yelpcdn.com/bphoto/S1sgjLVSRJNooUaxQOXQnQ/o.jpg,False,https://www.yelp.com/biz/elworthy-electrical-services-burnaby?adjust_creative=NIcD8b9uXX3kw0W6kNfMVw&utm_campaign=yelp_api_v3&utm_medium=api_v3_business_search&utm_source=NIcD8b9uXX3kw0W6kNfMVw,1,5.0,,+16042994341,+1 604-299-4341,13259.571044131195,contractors,General Contractors
EV Charging Station,19006,0d1b5c62f8d22e3650811df55596e25b,Heather & 16th,7O5vVZBdKFcIH6LCQqD3Kw,elworthy-electrical-services-burnaby,Elworthy Electrical Services,https://s3-media2.fl.yelpcdn.com/bphoto/S1sgjLVSRJNooUaxQOXQnQ/o.jpg,False,https://www.yelp.com/biz/elworthy-electrical-services-burnaby?adjust_creative=NIcD8b9uXX3kw0W6kNfMVw&utm_campaign=yelp_api_v3&utm_medium=api_v3_business_search&utm_source=NIcD8b9uXX3kw0W6kNfMVw,1,5.0,,+16042994341,+1 604-299-4341,13259.571044131195,electricians,Electricians
EV Charging Station,19006,0d1b5c62f8d22e3650811df55596e25b,Heather & 16th,7O5vVZBdKFcIH6LCQqD3Kw,elworthy-electrical-services-burnaby,Elworthy Electrical Services,https://s3-media2.fl.yelpcdn.com/bphoto/S1sgjLVSRJNooUaxQOXQnQ/o.jpg,False,https://www.yelp.com/biz/elworthy-electrical-services-burnaby?adjust_creative=NIcD8b9uXX3kw0W6kNfMVw&utm_campaign=yelp_api_v3&utm_medium=api_v3_business_search&utm_source=NIcD8b9uXX3kw0W6kNfMVw,1,5.0,,+16042994341,+1 604-299-4341,13259.571044131195,evchargingstations,EV Charging Stations
EV Charging Station,19006,521c2122c791ed038168c3b8ff24061b,14th & Ontario,7O5vVZBdKFcIH6LCQqD3Kw,elworthy-electrical-services-burnaby,Elworthy Electrical Services,https://s3-media2.fl.yelpcdn.com/bphoto/S1sgjLVSRJNooUaxQOXQnQ/o.jpg,False,https://www.yelp.com/biz/elworthy-electrical-services-burnaby?adjust_creative=NIcD8b9uXX3kw0W6kNfMVw&utm_campaign=yelp_api_v3&utm_medium=api_v3_business_search&utm_source=NIcD8b9uXX3kw0W6kNfMVw,1,5.0,,+16042994341,+1 604-299-4341,12152.434184327669,contractors,General Contractors
EV Charging Station,19006,521c2122c791ed038168c3b8ff24061b,14th & Ontario,7O5vVZBdKFcIH6LCQqD3Kw,elworthy-electrical-services-burnaby,Elworthy Electrical Services,https://s3-media2.fl.yelpcdn.com/bphoto/S1sgjLVSRJNooUaxQOXQnQ/o.jpg,False,https://www.yelp.com/biz/elworthy-electrical-services-burnaby?adjust_creative=NIcD8b9uXX3kw0W6kNfMVw&utm_campaign=yelp_api_v3&utm_medium=api_v3_business_search&utm_source=NIcD8b9uXX3kw0W6kNfMVw,1,5.0,,+16042994341,+1 604-299-4341,12152.434184327669,electricians,Electricians
EV Charging Station,19006,521c2122c791ed038168c3b8ff24061b,14th & Ontario,7O5vVZBdKFcIH6LCQqD3Kw,elworthy-electrical-services-burnaby,Elworthy Electrical Services,https://s3-media2.fl.yelpcdn.com/bphoto/S1sgjLVSRJNooUaxQOXQnQ/o.jpg,False,https://www.yelp.com/biz/elworthy-electrical-services-burnaby?adjust_creative=NIcD8b9uXX3kw0W6kNfMVw&utm_campaign=yelp_api_v3&utm_medium=api_v3_business_search&utm_source=NIcD8b9uXX3kw0W6kNfMVw,1,5.0,,+16042994341,+1 604-299-4341,12152.434184327669,evchargingstations,EV Charging Stations
EV Charging Station,19006,b9ab6ce009eda6006ade1d7568d9db9c,David Lam Park - West,7O5vVZBdKFcIH6LCQqD3Kw,elworthy-electrical-services-burnaby,Elworthy Electrical Services,https://s3-media2.fl.yelpcdn.com/bphoto/S1sgjLVSRJNooUaxQOXQnQ/o.jpg,False,https://www.yelp.com/biz/elworthy-electrical-services-burnaby?adjust_creative=NIcD8b9uXX3kw0W6kNfMVw&utm_campaign=yelp_api_v3&utm_medium=api_v3_business_search&utm_source=NIcD8b9uXX3kw0W6kNfMVw,1,5.0,,+16042994341,+1 604-299-4341,13777.560142485881,contractors,General Contractors
EV Charging Station,19006,b9ab6ce009eda6006ade1d7568d9db9c,David Lam Park - West,7O5vVZBdKFcIH6LCQqD3Kw,elworthy-electrical-services-burnaby,Elworthy Electrical Services,https://s3-media2.fl.yelpcdn.com/bphoto/S1sgjLVSRJNooUaxQOXQnQ/o.jpg,False,https://www.yelp.com/biz/elworthy-electrical-services-burnaby?adjust_creative=NIcD8b9uXX3kw0W6kNfMVw&utm_campaign=yelp_api_v3&utm_medium=api_v3_business_search&utm_source=NIcD8b9uXX3kw0W6kNfMVw,1,5.0,,+16042994341,+1 604-299-4341,13777.560142485881,electricians,Electricians
EV Charging Station,19006,b9ab6ce009eda6006ade1d7568d9db9c,David Lam Park - West,7O5vVZBdKFcIH6LCQqD3Kw,elworthy-electrical-services-burnaby,Elworthy Electrical Services,https://s3-media2.fl.yelpcdn.com/bphoto/S1sgjLVSRJNooUaxQOXQnQ/o.jpg,False,https://www.yelp.com/biz/elworthy-electrical-services-burnaby?adjust_creative=NIcD8b9uXX3kw0W6kNfMVw&utm_campaign=yelp_api_v3&utm_medium=api_v3_business_search&utm_source=NIcD8b9uXX3kw0W6kNfMVw,1,5.0,,+16042994341,+1 604-299-4341,13777.560142485881,evchargingstations,EV Charging Stations
EV Charging Station,19006,988f8f74c4a12d1a30ddf2f7cd6318f8,South False Creek Seawall,7O5vVZBdKFcIH6LCQqD3Kw,elworthy-electrical-services-burnaby,Elworthy Electrical Services,https://s3-media2.fl.yelpcdn.com/bphoto/S1sgjLVSRJNooUaxQOXQnQ/o.jpg,False,https://www.yelp.com/biz/elworthy-electrical-services-burnaby?adjust_creative=NIcD8b9uXX3kw0W6kNfMVw&utm_campaign=yelp_api_v3&utm_medium=api_v3_business_search&utm_source=NIcD8b9uXX3kw0W6kNfMVw,1,5.0,,+16042994341,+1 604-299-4341,13863.697221092707,contractors,General Contractors
EV Charging Station,19006,988f8f74c4a12d1a30ddf2f7cd6318f8,South False Creek Seawall,7O5vVZBdKFcIH6LCQqD3Kw,elworthy-electrical-services-burnaby,Elworthy Electrical Services,https://s3-media2.fl.yelpcdn.com/bphoto/S1sgjLVSRJNooUaxQOXQnQ/o.jpg,False,https://www.yelp.com/biz/elworthy-electrical-services-burnaby?adjust_creative=NIcD8b9uXX3kw0W6kNfMVw&utm_campaign=yelp_api_v3&utm_medium=api_v3_business_search&utm_source=NIcD8b9uXX3kw0W6kNfMVw,1,5.0,,+16042994341,+1 604-299-4341,13863.697221092707,electricians,Electricians
EV Charging Station,19006,988f8f74c4a12d1a30ddf2f7cd6318f8,South False Creek Seawall,7O5vVZBdKFcIH6LCQqD3Kw,elworthy-electrical-services-burnaby,Elworthy Electrical Services,https://s3-media2.fl.yelpcdn.com/bphoto/S1sgjLVSRJNooUaxQOXQnQ/o.jpg,False,https://www.yelp.com/biz/elworthy-electrical-services-burnaby?adjust_creative=NIcD8b9uXX3kw0W6kNfMVw&utm_campaign=yelp_api_v3&utm_medium=api_v3_business_search&utm_source=NIcD8b9uXX3kw0W6kNfMVw,1,5.0,,+16042994341,+1 604-299-4341,13863.697221092707,evchargingstations,EV Charging Stations
EV Charging Station,19006,61901a235d4cfceb7f8f2c3888b98617,10th & Columbia,7O5vVZBdKFcIH6LCQqD3Kw,elworthy-electrical-services-burnaby,Elworthy Electrical Services,https://s3-media2.fl.yelpcdn.com/bphoto/S1sgjLVSRJNooUaxQOXQnQ/o.jpg,False,https://www.yelp.com/biz/elworthy-electrical-services-burnaby?adjust_creative=NIcD8b9uXX3kw0W6kNfMVw&utm_campaign=yelp_api_v3&utm_medium=api_v3_business_search&utm_source=NIcD8b9uXX3kw0W6kNfMVw,1,5.0,,+16042994341,+1 604-299-4341,12476.38221427184,contractors,General Contractors
EV Charging Station,19006,61901a235d4cfceb7f8f2c3888b98617,10th & Columbia,7O5vVZBdKFcIH6LCQqD3Kw,elworthy-electrical-services-burnaby,Elworthy Electrical Services,https://s3-media2.fl.yelpcdn.com/bphoto/S1sgjLVSRJNooUaxQOXQnQ/o.jpg,False,https://www.yelp.com/biz/elworthy-electrical-services-burnaby?adjust_creative=NIcD8b9uXX3kw0W6kNfMVw&utm_campaign=yelp_api_v3&utm_medium=api_v3_business_search&utm_source=NIcD8b9uXX3kw0W6kNfMVw,1,5.0,,+16042994341,+1 604-299-4341,12476.38221427184,electricians,Electricians
EV Charging Station,19006,61901a235d4cfceb7f8f2c3888b98617,10th & Columbia,7O5vVZBdKFcIH6LCQqD3Kw,elworthy-electrical-services-burnaby,Elworthy Electrical Services,https://s3-media2.fl.yelpcdn.com/bphoto/S1sgjLVSRJNooUaxQOXQnQ/o.jpg,False,https://www.yelp.com/biz/elworthy-electrical-services-burnaby?adjust_creative=NIcD8b9uXX3kw0W6kNfMVw&utm_campaign=yelp_api_v3&utm_medium=api_v3_business_search&utm_source=NIcD8b9uXX3kw0W6kNfMVw,1,5.0,,+16042994341,+1 604-299-4341,12476.38221427184,evchargingstations,EV Charging Stations
EV Charging Station,19006,175a074bf65455d1633639511dc129c8,1st & Manitoba,7O5vVZBdKFcIH6LCQqD3Kw,elworthy-electrical-services-burnaby,Elworthy Electrical Services,https://s3-media2.fl.yelpcdn.com/bphoto/S1sgjLVSRJNooUaxQOXQnQ/o.jpg,False,https://www.yelp.com/biz/elworthy-electrical-services-burnaby?adjust_creative=NIcD8b9uXX3kw0W6kNfMVw&utm_campaign=yelp_api_v3&utm_medium=api_v3_business_search&utm_source=NIcD8b9uXX3kw0W6kNfMVw,1,5.0,,+16042994341,+1 604-299-4341,12363.887502010843,contractors,General Contractors
EV Charging Station,19006,175a074bf65455d1633639511dc129c8,1st & Manitoba,7O5vVZBdKFcIH6LCQqD3Kw,elworthy-electrical-services-burnaby,Elworthy Electrical Services,https://s3-media2.fl.yelpcdn.com/bphoto/S1sgjLVSRJNooUaxQOXQnQ/o.jpg,False,https://www.yelp.com/biz/elworthy-electrical-services-burnaby?adjust_creative=NIcD8b9uXX3kw0W6kNfMVw&utm_campaign=yelp_api_v3&utm_medium=api_v3_business_search&utm_source=NIcD8b9uXX3kw0W6kNfMVw,1,5.0,,+16042994341,+1 604-299-4341,12363.887502010843,electricians,Electricians
EV Charging Station,19006,175a074bf65455d1633639511dc129c8,1st & Manitoba,7O5vVZBdKFcIH6LCQqD3Kw,elworthy-electrical-services-burnaby,Elworthy Electrical Services,https://s3-media2.fl.yelpcdn.com/bphoto/S1sgjLVSRJNooUaxQOXQnQ/o.jpg,False,https://www.yelp.com/biz/elworthy-electrical-services-burnaby?adjust_creative=NIcD8b9uXX3kw0W6kNfMVw&utm_campaign=yelp_api_v3&utm_medium=api_v3_business_search&utm_source=NIcD8b9uXX3kw0W6kNfMVw,1,5.0,,+16042994341,+1 604-299-4341,12363.887502010843,evchargingstations,EV Charging Stations
EV Charging Station,19006,35eb539fb9298bb7e4f6759ca0256505,10th & Ontario,7O5vVZBdKFcIH6LCQqD3Kw,elworthy-electrical-services-burnaby,Elworthy Electrical Services,https://s3-media2.fl.yelpcdn.com/bphoto/S1sgjLVSRJNooUaxQOXQnQ/o.jpg,False,https://www.yelp.com/biz/elworthy-electrical-services-burnaby?adjust_creative=NIcD8b9uXX3kw0W6kNfMVw&utm_campaign=yelp_api_v3&utm_medium=api_v3_business_search&utm_source=NIcD8b9uXX3kw0W6kNfMVw,1,5.0,,+16042994341,+1 604-299-4341,12154.156826286067,contractors,General Contractors
EV Charging Station,19006,35eb539fb9298bb7e4f6759ca0256505,10th & Ontario,7O5vVZBdKFcIH6LCQqD3Kw,elworthy-electrical-services-burnaby,Elworthy Electrical Services,https://s3-media2.fl.yelpcdn.com/bphoto/S1sgjLVSRJNooUaxQOXQnQ/o.jpg,False,https://www.yelp.com/biz/elworthy-electrical-services-burnaby?adjust_creative=NIcD8b9uXX3kw0W6kNfMVw&utm_campaign=yelp_api_v3&utm_medium=api_v3_business_search&utm_source=NIcD8b9uXX3kw0W6kNfMVw,1,5.0,,+16042994341,+1 604-299-4341,12154.156826286067,electricians,Electricians
EV Charging Station,19006,35eb539fb9298bb7e4f6759ca0256505,10th & Ontario,7O5vVZBdKFcIH6LCQqD3Kw,elworthy-electrical-services-burnaby,Elworthy Electrical Services,https://s3-media2.fl.yelpcdn.com/bphoto/S1sgjLVSRJNooUaxQOXQnQ/o.jpg,False,https://www.yelp.com/biz/elworthy-electrical-services-burnaby?adjust_creative=NIcD8b9uXX3kw0W6kNfMVw&utm_campaign=yelp_api_v3&utm_medium=api_v3_business_search&utm_source=NIcD8b9uXX3kw0W6kNfMVw,1,5.0,,+16042994341,+1 604-299-4341,12154.156826286067,evchargingstations,EV Charging Stations
EV Charging Station,19006,b30ed0719dd281867a4d39779c78b58a,Columbia & 14th,7O5vVZBdKFcIH6LCQqD3Kw,elworthy-electrical-services-burnaby,Elworthy Electrical Services,https://s3-media2.fl.yelpcdn.com/bphoto/S1sgjLVSRJNooUaxQOXQnQ/o.jpg,False,https://www.yelp.com/biz/elworthy-electrical-services-burnaby?adjust_creative=NIcD8b9uXX3kw0W6kNfMVw&utm_campaign=yelp_api_v3&utm_medium=api_v3_business_search&utm_source=NIcD8b9uXX3kw0W6kNfMVw,1,5.0,,+16042994341,+1 604-299-4341,12501.23315734777,contractors,General Contractors
EV Charging Station,19006,b30ed0719dd281867a4d39779c78b58a,Columbia & 14th,7O5vVZBdKFcIH6LCQqD3Kw,elworthy-electrical-services-burnaby,Elworthy Electrical Services,https://s3-media2.fl.yelpcdn.com/bphoto/S1sgjLVSRJNooUaxQOXQnQ/o.jpg,False,https://www.yelp.com/biz/elworthy-electrical-services-burnaby?adjust_creative=NIcD8b9uXX3kw0W6kNfMVw&utm_campaign=yelp_api_v3&utm_medium=api_v3_business_search&utm_source=NIcD8b9uXX3kw0W6kNfMVw,1,5.0,,+16042994341,+1 604-299-4341,12501.23315734777,electricians,Electricians
EV Charging Station,19006,b30ed0719dd281867a4d39779c78b58a,Columbia & 14th,7O5vVZBdKFcIH6LCQqD3Kw,elworthy-electrical-services-burnaby,Elworthy Electrical Services,https://s3-media2.fl.yelpcdn.com/bphoto/S1sgjLVSRJNooUaxQOXQnQ/o.jpg,False,https://www.yelp.com/biz/elworthy-electrical-services-burnaby?adjust_creative=NIcD8b9uXX3kw0W6kNfMVw&utm_campaign=yelp_api_v3&utm_medium=api_v3_business_search&utm_source=NIcD8b9uXX3kw0W6kNfMVw,1,5.0,,+16042994341,+1 604-299-4341,12501.23315734777,evchargingstations,EV Charging Stations
EV Charging Station,19006,ace20c241ee38643c9060f290b215b9d,7th & Laurel,7O5vVZBdKFcIH6LCQqD3Kw,elworthy-electrical-services-burnaby,Elworthy Electrical Services,https://s3-media2.fl.yelpcdn.com/bphoto/S1sgjLVSRJNooUaxQOXQnQ/o.jpg,False,https://www.yelp.com/biz/elworthy-electrical-services-burnaby?adjust_creative=NIcD8b9uXX3kw0W6kNfMVw&utm_campaign=yelp_api_v3&utm_medium=api_v3_business_search&utm_source=NIcD8b9uXX3kw0W6kNfMVw,1,5.0,,+16042994341,+1 604-299-4341,13564.722206628978,contractors,General Contractors
EV Charging Station,19006,ace20c241ee38643c9060f290b215b9d,7th & Laurel,7O5vVZBdKFcIH6LCQqD3Kw,elworthy-electrical-services-burnaby,Elworthy Electrical Services,https://s3-media2.fl.yelpcdn.com/bphoto/S1sgjLVSRJNooUaxQOXQnQ/o.jpg,False,https://www.yelp.com/biz/elworthy-electrical-services-burnaby?adjust_creative=NIcD8b9uXX3kw0W6kNfMVw&utm_campaign=yelp_api_v3&utm_medium=api_v3_business_search&utm_source=NIcD8b9uXX3kw0W6kNfMVw,1,5.0,,+16042994341,+1 604-299-4341,13564.722206628978,electricians,Electricians
EV Charging Station,19006,ace20c241ee38643c9060f290b215b9d,7th & Laurel,7O5vVZBdKFcIH6LCQqD3Kw,elworthy-electrical-services-burnaby,Elworthy Electrical Services,https://s3-media2.fl.yelpcdn.com/bphoto/S1sgjLVSRJNooUaxQOXQnQ/o.jpg,False,https://www.yelp.com/biz/elworthy-electrical-services-burnaby?adjust_creative=NIcD8b9uXX3kw0W6kNfMVw&utm_campaign=yelp_api_v3&utm_medium=api_v3_business_search&utm_source=NIcD8b9uXX3kw0W6kNfMVw,1,5.0,,+16042994341,+1 604-299-4341,13564.722206628978,evchargingstations,EV Charging Stations
EV Charging Station,19006,9130f9aa3bb037a04c17e6f2630327e5,8th & Yukon,7O5vVZBdKFcIH6LCQqD3Kw,elworthy-electrical-services-burnaby,Elworthy Electrical Services,https://s3-media2.fl.yelpcdn.com/bphoto/S1sgjLVSRJNooUaxQOXQnQ/o.jpg,False,https://www.yelp.com/biz/elworthy-electrical-services-burnaby?adjust_creative=NIcD8b9uXX3kw0W6kNfMVw&utm_campaign=yelp_api_v3&utm_medium=api_v3_business_search&utm_source=NIcD8b9uXX3kw0W6kNfMVw,1,5.0,,+16042994341,+1 604-299-4341,12742.70287964075,contractors,General Contractors
EV Charging Station,19006,9130f9aa3bb037a04c17e6f2630327e5,8th & Yukon,7O5vVZBdKFcIH6LCQqD3Kw,elworthy-electrical-services-burnaby,Elworthy Electrical Services,https://s3-media2.fl.yelpcdn.com/bphoto/S1sgjLVSRJNooUaxQOXQnQ/o.jpg,False,https://www.yelp.com/biz/elworthy-electrical-services-burnaby?adjust_creative=NIcD8b9uXX3kw0W6kNfMVw&utm_campaign=yelp_api_v3&utm_medium=api_v3_business_search&utm_source=NIcD8b9uXX3kw0W6kNfMVw,1,5.0,,+16042994341,+1 604-299-4341,12742.70287964075,electricians,Electricians
EV Charging Station,19006,9130f9aa3bb037a04c17e6f2630327e5,8th & Yukon,7O5vVZBdKFcIH6LCQqD3Kw,elworthy-electrical-services-burnaby,Elworthy Electrical Services,https://s3-media2.fl.yelpcdn.com/bphoto/S1sgjLVSRJNooUaxQOXQnQ/o.jpg,False,https://www.yelp.com/biz/elworthy-electrical-services-burnaby?adjust_creative=NIcD8b9uXX3kw0W6kNfMVw&utm_campaign=yelp_api_v3&utm_medium=api_v3_business_search&utm_source=NIcD8b9uXX3kw0W6kNfMVw,1,5.0,,+16042994341,+1 604-299-4341,12742.70287964075,evchargingstations,EV Charging Stations
EV Charging Station,19006,9a5478470b56379c31cf4e671584d5cc,3rd & Quebec,7O5vVZBdKFcIH6LCQqD3Kw,elworthy-electrical-services-burnaby,Elworthy Electrical Services,https://s3-media2.fl.yelpcdn.com/bphoto/S1sgjLVSRJNooUaxQOXQnQ/o.jpg,False,https://www.yelp.com/biz/elworthy-electrical-services-burnaby?adjust_creative=NIcD8b9uXX3kw0W6kNfMVw&utm_campaign=yelp_api_v3&utm_medium=api_v3_business_search&utm_source=NIcD8b9uXX3kw0W6kNfMVw,1,5.0,,+16042994341,+1 604-299-4341,12097.939320244775,contractors,General Contractors
EV Charging Station,19006,9a5478470b56379c31cf4e671584d5cc,3rd & Quebec,7O5vVZBdKFcIH6LCQqD3Kw,elworthy-electrical-services-burnaby,Elworthy Electrical Services,https://s3-media2.fl.yelpcdn.com/bphoto/S1sgjLVSRJNooUaxQOXQnQ/o.jpg,False,https://www.yelp.com/biz/elworthy-electrical-services-burnaby?adjust_creative=NIcD8b9uXX3kw0W6kNfMVw&utm_campaign=yelp_api_v3&utm_medium=api_v3_business_search&utm_source=NIcD8b9uXX3kw0W6kNfMVw,1,5.0,,+16042994341,+1 604-299-4341,12097.939320244775,electricians,Electricians
EV Charging Station,19006,9a5478470b56379c31cf4e671584d5cc,3rd & Quebec,7O5vVZBdKFcIH6LCQqD3Kw,elworthy-electrical-services-burnaby,Elworthy Electrical Services,https://s3-media2.fl.yelpcdn.com/bphoto/S1sgjLVSRJNooUaxQOXQnQ/o.jpg,False,https://www.yelp.com/biz/elworthy-electrical-services-burnaby?adjust_creative=NIcD8b9uXX3kw0W6kNfMVw&utm_campaign=yelp_api_v3&utm_medium=api_v3_business_search&utm_source=NIcD8b9uXX3kw0W6kNfMVw,1,5.0,,+16042994341,+1 604-299-4341,12097.939320244775,evchargingstations,EV Charging Stations
EV Charging Station,19006,06487275cd19694152824c7c3088e8ff,Olympic Village Station,7O5vVZBdKFcIH6LCQqD3Kw,elworthy-electrical-services-burnaby,Elworthy Electrical Services,https://s3-media2.fl.yelpcdn.com/bphoto/S1sgjLVSRJNooUaxQOXQnQ/o.jpg,False,https://www.yelp.com/biz/elworthy-electrical-services-burnaby?adjust_creative=NIcD8b9uXX3kw0W6kNfMVw&utm_campaign=yelp_api_v3&utm_medium=api_v3_business_search&utm_source=NIcD8b9uXX3kw0W6kNfMVw,1,5.0,,+16042994341,+1 604-299-4341,13006.527429310609,contractors,General Contractors
EV Charging Station,19006,06487275cd19694152824c7c3088e8ff,Olympic Village Station,7O5vVZBdKFcIH6LCQqD3Kw,elworthy-electrical-services-burnaby,Elworthy Electrical Services,https://s3-media2.fl.yelpcdn.com/bphoto/S1sgjLVSRJNooUaxQOXQnQ/o.jpg,False,https://www.yelp.com/biz/elworthy-electrical-services-burnaby?adjust_creative=NIcD8b9uXX3kw0W6kNfMVw&utm_campaign=yelp_api_v3&utm_medium=api_v3_business_search&utm_source=NIcD8b9uXX3kw0W6kNfMVw,1,5.0,,+16042994341,+1 604-299-4341,13006.527429310609,electricians,Electricians
EV Charging Station,19006,06487275cd19694152824c7c3088e8ff,Olympic Village Station,7O5vVZBdKFcIH6LCQqD3Kw,elworthy-electrical-services-burnaby,Elworthy Electrical Services,https://s3-media2.fl.yelpcdn.com/bphoto/S1sgjLVSRJNooUaxQOXQnQ/o.jpg,False,https://www.yelp.com/biz/elworthy-electrical-services-burnaby?adjust_creative=NIcD8b9uXX3kw0W6kNfMVw&utm_campaign=yelp_api_v3&utm_medium=api_v3_business_search&utm_source=NIcD8b9uXX3kw0W6kNfMVw,1,5.0,,+16042994341,+1 604-299-4341,13006.527429310609,evchargingstations,EV Charging Stations
EV Charging Station,19006,7ed043a19e6a4ece742fe747b663bdbf,Columbia & 5th,7O5vVZBdKFcIH6LCQqD3Kw,elworthy-electrical-services-burnaby,Elworthy Electrical Services,https://s3-media2.fl.yelpcdn.com/bphoto/S1sgjLVSRJNooUaxQOXQnQ/o.jpg,False,https://www.yelp.com/biz/elworthy-electrical-services-burnaby?adjust_creative=NIcD8b9uXX3kw0W6kNfMVw&utm_campaign=yelp_api_v3&utm_medium=api_v3_business_search&utm_source=NIcD8b9uXX3kw0W6kNfMVw,1,5.0,,+16042994341,+1 604-299-4341,12529.145470911313,contractors,General Contractors
EV Charging Station,19006,7ed043a19e6a4ece742fe747b663bdbf,Columbia & 5th,7O5vVZBdKFcIH6LCQqD3Kw,elworthy-electrical-services-burnaby,Elworthy Electrical Services,https://s3-media2.fl.yelpcdn.com/bphoto/S1sgjLVSRJNooUaxQOXQnQ/o.jpg,False,https://www.yelp.com/biz/elworthy-electrical-services-burnaby?adjust_creative=NIcD8b9uXX3kw0W6kNfMVw&utm_campaign=yelp_api_v3&utm_medium=api_v3_business_search&utm_source=NIcD8b9uXX3kw0W6kNfMVw,1,5.0,,+16042994341,+1 604-299-4341,12529.145470911313,electricians,Electricians
EV Charging Station,19006,7ed043a19e6a4ece742fe747b663bdbf,Columbia & 5th,7O5vVZBdKFcIH6LCQqD3Kw,elworthy-electrical-services-burnaby,Elworthy Electrical Services,https://s3-media2.fl.yelpcdn.com/bphoto/S1sgjLVSRJNooUaxQOXQnQ/o.jpg,False,https://www.yelp.com/biz/elworthy-electrical-services-burnaby?adjust_creative=NIcD8b9uXX3kw0W6kNfMVw&utm_campaign=yelp_api_v3&utm_medium=api_v3_business_search&utm_source=NIcD8b9uXX3kw0W6kNfMVw,1,5.0,,+16042994341,+1 604-299-4341,12529.145470911313,evchargingstations,EV Charging Stations
EV Charging Station,19006,2781435bde344e1b64f1bebac6bc9008,Ontario & 16th,7O5vVZBdKFcIH6LCQqD3Kw,elworthy-electrical-services-burnaby,Elworthy Electrical Services,https://s3-media2.fl.yelpcdn.com/bphoto/S1sgjLVSRJNooUaxQOXQnQ/o.jpg,False,https://www.yelp.com/biz/elworthy-electrical-services-burnaby?adjust_creative=NIcD8b9uXX3kw0W6kNfMVw&utm_campaign=yelp_api_v3&utm_medium=api_v3_business_search&utm_source=NIcD8b9uXX3kw0W6kNfMVw,1,5.0,,+16042994341,+1 604-299-4341,12182.801943411561,contractors,General Contractors
EV Charging Station,19006,2781435bde344e1b64f1bebac6bc9008,Ontario & 16th,7O5vVZBdKFcIH6LCQqD3Kw,elworthy-electrical-services-burnaby,Elworthy Electrical Services,https://s3-media2.fl.yelpcdn.com/bphoto/S1sgjLVSRJNooUaxQOXQnQ/o.jpg,False,https://www.yelp.com/biz/elworthy-electrical-services-burnaby?adjust_creative=NIcD8b9uXX3kw0W6kNfMVw&utm_campaign=yelp_api_v3&utm_medium=api_v3_business_search&utm_source=NIcD8b9uXX3kw0W6kNfMVw,1,5.0,,+16042994341,+1 604-299-4341,12182.801943411561,electricians,Electricians
EV Charging Station,19006,2781435bde344e1b64f1bebac6bc9008,Ontario & 16th,7O5vVZBdKFcIH6LCQqD3Kw,elworthy-electrical-services-burnaby,Elworthy Electrical Services,https://s3-media2.fl.yelpcdn.com/bphoto/S1sgjLVSRJNooUaxQOXQnQ/o.jpg,False,https://www.yelp.com/biz/elworthy-electrical-services-burnaby?adjust_creative=NIcD8b9uXX3kw0W6kNfMVw&utm_campaign=yelp_api_v3&utm_medium=api_v3_business_search&utm_source=NIcD8b9uXX3kw0W6kNfMVw,1,5.0,,+16042994341,+1 604-299-4341,12182.801943411561,evchargingstations,EV Charging Stations
EV Charging Station,19006,421516af381a11f54d07fc79be68d3d3,14th & Oak,7O5vVZBdKFcIH6LCQqD3Kw,elworthy-electrical-services-burnaby,Elworthy Electrical Services,https://s3-media2.fl.yelpcdn.com/bphoto/S1sgjLVSRJNooUaxQOXQnQ/o.jpg,False,https://www.yelp.com/biz/elworthy-electrical-services-burnaby?adjust_creative=NIcD8b9uXX3kw0W6kNfMVw&utm_campaign=yelp_api_v3&utm_medium=api_v3_business_search&utm_source=NIcD8b9uXX3kw0W6kNfMVw,1,5.0,,+16042994341,+1 604-299-4341,13768.996510327543,contractors,General Contractors
EV Charging Station,19006,421516af381a11f54d07fc79be68d3d3,14th & Oak,7O5vVZBdKFcIH6LCQqD3Kw,elworthy-electrical-services-burnaby,Elworthy Electrical Services,https://s3-media2.fl.yelpcdn.com/bphoto/S1sgjLVSRJNooUaxQOXQnQ/o.jpg,False,https://www.yelp.com/biz/elworthy-electrical-services-burnaby?adjust_creative=NIcD8b9uXX3kw0W6kNfMVw&utm_campaign=yelp_api_v3&utm_medium=api_v3_business_search&utm_source=NIcD8b9uXX3kw0W6kNfMVw,1,5.0,,+16042994341,+1 604-299-4341,13768.996510327543,electricians,Electricians
EV Charging Station,19006,421516af381a11f54d07fc79be68d3d3,14th & Oak,7O5vVZBdKFcIH6LCQqD3Kw,elworthy-electrical-services-burnaby,Elworthy Electrical Services,https://s3-media2.fl.yelpcdn.com/bphoto/S1sgjLVSRJNooUaxQOXQnQ/o.jpg,False,https://www.yelp.com/biz/elworthy-electrical-services-burnaby?adjust_creative=NIcD8b9uXX3kw0W6kNfMVw&utm_campaign=yelp_api_v3&utm_medium=api_v3_business_search&utm_source=NIcD8b9uXX3kw0W6kNfMVw,1,5.0,,+16042994341,+1 604-299-4341,13768.996510327543,evchargingstations,EV Charging Stations
EV Charging Station,19006,ea9485fcdce0611243474d000e4ad248,18th & Cambie,7O5vVZBdKFcIH6LCQqD3Kw,elworthy-electrical-services-burnaby,Elworthy Electrical Services,https://s3-media2.fl.yelpcdn.com/bphoto/S1sgjLVSRJNooUaxQOXQnQ/o.jpg,False,https://www.yelp.com/biz/elworthy-electrical-services-burnaby?adjust_creative=NIcD8b9uXX3kw0W6kNfMVw&utm_campaign=yelp_api_v3&utm_medium=api_v3_business_search&utm_source=NIcD8b9uXX3kw0W6kNfMVw,1,5.0,,+16042994341,+1 604-299-4341,12878.15039473001,contractors,General Contractors
EV Charging Station,19006,ea9485fcdce0611243474d000e4ad248,18th & Cambie,7O5vVZBdKFcIH6LCQqD3Kw,elworthy-electrical-services-burnaby,Elworthy Electrical Services,https://s3-media2.fl.yelpcdn.com/bphoto/S1sgjLVSRJNooUaxQOXQnQ/o.jpg,False,https://www.yelp.com/biz/elworthy-electrical-services-burnaby?adjust_creative=NIcD8b9uXX3kw0W6kNfMVw&utm_campaign=yelp_api_v3&utm_medium=api_v3_business_search&utm_source=NIcD8b9uXX3kw0W6kNfMVw,1,5.0,,+16042994341,+1 604-299-4341,12878.15039473001,electricians,Electricians
EV Charging Station,19006,ea9485fcdce0611243474d000e4ad248,18th & Cambie,7O5vVZBdKFcIH6LCQqD3Kw,elworthy-electrical-services-burnaby,Elworthy Electrical Services,https://s3-media2.fl.yelpcdn.com/bphoto/S1sgjLVSRJNooUaxQOXQnQ/o.jpg,False,https://www.yelp.com/biz/elworthy-electrical-services-burnaby?adjust_creative=NIcD8b9uXX3kw0W6kNfMVw&utm_campaign=yelp_api_v3&utm_medium=api_v3_business_search&utm_source=NIcD8b9uXX3kw0W6kNfMVw,1,5.0,,+16042994341,+1 604-299-4341,12878.15039473001,evchargingstations,EV Charging Stations
EV Charging Station,19006,41a55a7e2908fbbd65175b794d26bc8d,18th & Heather,7O5vVZBdKFcIH6LCQqD3Kw,elworthy-electrical-services-burnaby,Elworthy Electrical Services,https://s3-media2.fl.yelpcdn.com/bphoto/S1sgjLVSRJNooUaxQOXQnQ/o.jpg,False,https://www.yelp.com/biz/elworthy-electrical-services-burnaby?adjust_creative=NIcD8b9uXX3kw0W6kNfMVw&utm_campaign=yelp_api_v3&utm_medium=api_v3_business_search&utm_source=NIcD8b9uXX3kw0W6kNfMVw,1,5.0,,+16042994341,+1 604-299-4341,13272.56107410117,contractors,General Contractors
EV Charging Station,19006,41a55a7e2908fbbd65175b794d26bc8d,18th & Heather,7O5vVZBdKFcIH6LCQqD3Kw,elworthy-electrical-services-burnaby,Elworthy Electrical Services,https://s3-media2.fl.yelpcdn.com/bphoto/S1sgjLVSRJNooUaxQOXQnQ/o.jpg,False,https://www.yelp.com/biz/elworthy-electrical-services-burnaby?adjust_creative=NIcD8b9uXX3kw0W6kNfMVw&utm_campaign=yelp_api_v3&utm_medium=api_v3_business_search&utm_source=NIcD8b9uXX3kw0W6kNfMVw,1,5.0,,+16042994341,+1 604-299-4341,13272.56107410117,electricians,Electricians
EV Charging Station,19006,41a55a7e2908fbbd65175b794d26bc8d,18th & Heather,7O5vVZBdKFcIH6LCQqD3Kw,elworthy-electrical-services-burnaby,Elworthy Electrical Services,https://s3-media2.fl.yelpcdn.com/bphoto/S1sgjLVSRJNooUaxQOXQnQ/o.jpg,False,https://www.yelp.com/biz/elworthy-electrical-services-burnaby?adjust_creative=NIcD8b9uXX3kw0W6kNfMVw&utm_campaign=yelp_api_v3&utm_medium=api_v3_business_search&utm_source=NIcD8b9uXX3kw0W6kNfMVw,1,5.0,,+16042994341,+1 604-299-4341,13272.56107410117,evchargingstations,EV Charging Stations
EV Charging Station,19006,bf96df77771ef0ed710d8e0e67917f45,Columbia & 1st,7O5vVZBdKFcIH6LCQqD3Kw,elworthy-electrical-services-burnaby,Elworthy Electrical Services,https://s3-media2.fl.yelpcdn.com/bphoto/S1sgjLVSRJNooUaxQOXQnQ/o.jpg,False,https://www.yelp.com/biz/elworthy-electrical-services-burnaby?adjust_creative=NIcD8b9uXX3kw0W6kNfMVw&utm_campaign=yelp_api_v3&utm_medium=api_v3_business_search&utm_source=NIcD8b9uXX3kw0W6kNfMVw,1,5.0,,+16042994341,+1 604-299-4341,12584.79016781069,contractors,General Contractors
EV Charging Station,19006,bf96df77771ef0ed710d8e0e67917f45,Columbia & 1st,7O5vVZBdKFcIH6LCQqD3Kw,elworthy-electrical-services-burnaby,Elworthy Electrical Services,https://s3-media2.fl.yelpcdn.com/bphoto/S1sgjLVSRJNooUaxQOXQnQ/o.jpg,False,https://www.yelp.com/biz/elworthy-electrical-services-burnaby?adjust_creative=NIcD8b9uXX3kw0W6kNfMVw&utm_campaign=yelp_api_v3&utm_medium=api_v3_business_search&utm_source=NIcD8b9uXX3kw0W6kNfMVw,1,5.0,,+16042994341,+1 604-299-4341,12584.79016781069,electricians,Electricians
EV Charging Station,19006,bf96df77771ef0ed710d8e0e67917f45,Columbia & 1st,7O5vVZBdKFcIH6LCQqD3Kw,elworthy-electrical-services-burnaby,Elworthy Electrical Services,https://s3-media2.fl.yelpcdn.com/bphoto/S1sgjLVSRJNooUaxQOXQnQ/o.jpg,False,https://www.yelp.com/biz/elworthy-electrical-services-burnaby?adjust_creative=NIcD8b9uXX3kw0W6kNfMVw&utm_campaign=yelp_api_v3&utm_medium=api_v3_business_search&utm_source=NIcD8b9uXX3kw0W6kNfMVw,1,5.0,,+16042994341,+1 604-299-4341,12584.79016781069,evchargingstations,EV Charging Stations
EV Charging Station,19006,07b13214cb69f2ec007d888450f3d6bc,13th & Cambie,7O5vVZBdKFcIH6LCQqD3Kw,elworthy-electrical-services-burnaby,Elworthy Electrical Services,https://s3-media2.fl.yelpcdn.com/bphoto/S1sgjLVSRJNooUaxQOXQnQ/o.jpg,False,https://www.yelp.com/biz/elworthy-electrical-services-burnaby?adjust_creative=NIcD8b9uXX3kw0W6kNfMVw&utm_campaign=yelp_api_v3&utm_medium=api_v3_business_search&utm_source=NIcD8b9uXX3kw0W6kNfMVw,1,5.0,,+16042994341,+1 604-299-4341,12878.065854563223,contractors,General Contractors
EV Charging Station,19006,07b13214cb69f2ec007d888450f3d6bc,13th & Cambie,7O5vVZBdKFcIH6LCQqD3Kw,elworthy-electrical-services-burnaby,Elworthy Electrical Services,https://s3-media2.fl.yelpcdn.com/bphoto/S1sgjLVSRJNooUaxQOXQnQ/o.jpg,False,https://www.yelp.com/biz/elworthy-electrical-services-burnaby?adjust_creative=NIcD8b9uXX3kw0W6kNfMVw&utm_campaign=yelp_api_v3&utm_medium=api_v3_business_search&utm_source=NIcD8b9uXX3kw0W6kNfMVw,1,5.0,,+16042994341,+1 604-299-4341,12878.065854563223,electricians,Electricians
EV Charging Station,19006,07b13214cb69f2ec007d888450f3d6bc,13th & Cambie,7O5vVZBdKFcIH6LCQqD3Kw,elworthy-electrical-services-burnaby,Elworthy Electrical Services,https://s3-media2.fl.yelpcdn.com/bphoto/S1sgjLVSRJNooUaxQOXQnQ/o.jpg,False,https://www.yelp.com/biz/elworthy-electrical-services-burnaby?adjust_creative=NIcD8b9uXX3kw0W6kNfMVw&utm_campaign=yelp_api_v3&utm_medium=api_v3_business_search&utm_source=NIcD8b9uXX3kw0W6kNfMVw,1,5.0,,+16042994341,+1 604-299-4341,12878.065854563223,evchargingstations,EV Charging Stations
EV Charging Station,19006,8d5f47f01d7ad668419dfe9b7fe69c9a,Yukon & 6th,7O5vVZBdKFcIH6LCQqD3Kw,elworthy-electrical-services-burnaby,Elworthy Electrical Services,https://s3-media2.fl.yelpcdn.com/bphoto/S1sgjLVSRJNooUaxQOXQnQ/o.jpg,False,https://www.yelp.com/biz/elworthy-electrical-services-burnaby?adjust_creative=NIcD8b9uXX3kw0W6kNfMVw&utm_campaign=yelp_api_v3&utm_medium=api_v3_business_search&utm_source=NIcD8b9uXX3kw0W6kNfMVw,1,5.0,,+16042994341,+1 604-299-4341,12778.204505181784,contractors,General Contractors
EV Charging Station,19006,8d5f47f01d7ad668419dfe9b7fe69c9a,Yukon & 6th,7O5vVZBdKFcIH6LCQqD3Kw,elworthy-electrical-services-burnaby,Elworthy Electrical Services,https://s3-media2.fl.yelpcdn.com/bphoto/S1sgjLVSRJNooUaxQOXQnQ/o.jpg,False,https://www.yelp.com/biz/elworthy-electrical-services-burnaby?adjust_creative=NIcD8b9uXX3kw0W6kNfMVw&utm_campaign=yelp_api_v3&utm_medium=api_v3_business_search&utm_source=NIcD8b9uXX3kw0W6kNfMVw,1,5.0,,+16042994341,+1 604-299-4341,12778.204505181784,electricians,Electricians
EV Charging Station,19006,8d5f47f01d7ad668419dfe9b7fe69c9a,Yukon & 6th,7O5vVZBdKFcIH6LCQqD3Kw,elworthy-electrical-services-burnaby,Elworthy Electrical Services,https://s3-media2.fl.yelpcdn.com/bphoto/S1sgjLVSRJNooUaxQOXQnQ/o.jpg,False,https://www.yelp.com/biz/elworthy-electrical-services-burnaby?adjust_creative=NIcD8b9uXX3kw0W6kNfMVw&utm_campaign=yelp_api_v3&utm_medium=api_v3_business_search&utm_source=NIcD8b9uXX3kw0W6kNfMVw,1,5.0,,+16042994341,+1 604-299-4341,12778.204505181784,evchargingstations,EV Charging Stations
EV Charging Station,19006,680b1ddfd50c4397b365c9c00f09b0d1,Wylie & 2nd,7O5vVZBdKFcIH6LCQqD3Kw,elworthy-electrical-services-burnaby,Elworthy Electrical Services,https://s3-media2.fl.yelpcdn.com/bphoto/S1sgjLVSRJNooUaxQOXQnQ/o.jpg,False,https://www.yelp.com/biz/elworthy-electrical-services-burnaby?adjust_creative=NIcD8b9uXX3kw0W6kNfMVw&utm_campaign=yelp_api_v3&utm_medium=api_v3_business_search&utm_source=NIcD8b9uXX3kw0W6kNfMVw,1,5.0,,+16042994341,+1 604-299-4341,12810.423412536049,contractors,General Contractors
EV Charging Station,19006,680b1ddfd50c4397b365c9c00f09b0d1,Wylie & 2nd,7O5vVZBdKFcIH6LCQqD3Kw,elworthy-electrical-services-burnaby,Elworthy Electrical Services,https://s3-media2.fl.yelpcdn.com/bphoto/S1sgjLVSRJNooUaxQOXQnQ/o.jpg,False,https://www.yelp.com/biz/elworthy-electrical-services-burnaby?adjust_creative=NIcD8b9uXX3kw0W6kNfMVw&utm_campaign=yelp_api_v3&utm_medium=api_v3_business_search&utm_source=NIcD8b9uXX3kw0W6kNfMVw,1,5.0,,+16042994341,+1 604-299-4341,12810.423412536049,electricians,Electricians
EV Charging Station,19006,680b1ddfd50c4397b365c9c00f09b0d1,Wylie & 2nd,7O5vVZBdKFcIH6LCQqD3Kw,elworthy-electrical-services-burnaby,Elworthy Electrical Services,https://s3-media2.fl.yelpcdn.com/bphoto/S1sgjLVSRJNooUaxQOXQnQ/o.jpg,False,https://www.yelp.com/biz/elworthy-electrical-services-burnaby?adjust_creative=NIcD8b9uXX3kw0W6kNfMVw&utm_campaign=yelp_api_v3&utm_medium=api_v3_business_search&utm_source=NIcD8b9uXX3kw0W6kNfMVw,1,5.0,,+16042994341,+1 604-299-4341,12810.423412536049,evchargingstations,EV Charging Stations
